Region,Year,IndustryCode,IndustryDescription,Ratio
E12000001 : North East,2010,4764,Retail sale of sporting equipment in specialised stores,0.0088248363760468
E12000001 : North East,2011,4764,Retail sale of sporting equipment in specialised stores,0.0082609955190796
E12000001 : North East,2012,4764,Retail sale of sporting equipment in specialised stores,0.0253084168794543
E12000001 : North East,2013,4764,Retail sale of sporting equipment in specialised stores,0.0271627505434267
E12000001 : North East,2014,4764,Retail sale of sporting equipment in specialised stores,0.0295447974795986
E12000001 : North East,2015,4764,Retail sale of sporting equipment in specialised stores,0.0366514440442961
E12000001 : North East,2016,4764,Retail sale of sporting equipment in specialised stores,0.0411471553324112
E12000001 : North East,2017,4764,Retail sale of sporting equipment in specialised stores,0.0463001631758585
E12000001 : North East,2018,4764,Retail sale of sporting equipment in specialised stores,0.0528775736717447
E12000001 : North East,2019,4764,Retail sale of sporting equipment in specialised stores,0.056288183378587
E12000001 : North East,2020,4764,Retail sale of sporting equipment in specialised stores,0.0559429844035946
E12000001 : North East,2021,4764,Retail sale of sporting equipment in specialised stores,0.0567327178448093
E12000001 : North East,2022,4764,Retail sale of sporting equipment in specialised stores,0.0491842026608935
E12000001 : North East,2023,4764,Retail sale of sporting equipment in specialised stores,0.0192570801679521
E12000001 : North East,2024,4764,Retail sale of sporting equipment in specialised stores,0.0161129494468369
E12000001 : North East,2025,4764,Retail sale of sporting equipment in specialised stores,0.0143471150437238
E12000001 : North East,2010,4771,Retail sale of clothing in specialised stores,0.0543294045358686
E12000001 : North East,2011,4771,Retail sale of clothing in specialised stores,0.050858163063883
E12000001 : North East,2012,4771,Retail sale of clothing in specialised stores,0.0434359130767287
E12000001 : North East,2013,4771,Retail sale of clothing in specialised stores,0.0582012297852941
E12000001 : North East,2014,4771,Retail sale of clothing in specialised stores,0.0715333999477682
E12000001 : North East,2015,4771,Retail sale of clothing in specialised stores,0.0811986454594059
E12000001 : North East,2016,4771,Retail sale of clothing in specialised stores,0.085234666476022
E12000001 : North East,2017,4771,Retail sale of clothing in specialised stores,0.0847363477207972
E12000001 : North East,2018,4771,Retail sale of clothing in specialised stores,0.054973385580814
E12000001 : North East,2019,4771,Retail sale of clothing in specialised stores,0.0632774671708658
E12000001 : North East,2020,4771,Retail sale of clothing in specialised stores,0.0718634369901392
E12000001 : North East,2021,4771,Retail sale of clothing in specialised stores,0.0776987414992574
E12000001 : North East,2022,4771,Retail sale of clothing in specialised stores,0.0740020841243042
E12000001 : North East,2023,4771,Retail sale of clothing in specialised stores,0.0877822111122243
E12000001 : North East,2024,4771,Retail sale of clothing in specialised stores,0.0741650349128243
E12000001 : North East,2025,4771,Retail sale of clothing in specialised stores,0.0648050067037249
E12000001 : North East,2010,4773,Dispensing chemist in specialised stores,0.0548609428889826
E12000001 : North East,2011,4773,Dispensing chemist in specialised stores,0.0513557401028423
E12000001 : North East,2012,4773,Dispensing chemist in specialised stores,0.0527768813305357
E12000001 : North East,2013,4773,Dispensing chemist in specialised stores,0.0535707600046689
E12000001 : North East,2014,4773,Dispensing chemist in specialised stores,0.0544500946373341
E12000001 : North East,2015,4773,Dispensing chemist in specialised stores,0.0555606329941096
E12000001 : North East,2016,4773,Dispensing chemist in specialised stores,0.0488995995149069
E12000001 : North East,2017,4773,Dispensing chemist in specialised stores,0.0477656068465939
E12000001 : North East,2018,4773,Dispensing chemist in specialised stores,0.0482025698812508
E12000001 : North East,2019,4773,Dispensing chemist in specialised stores,0.0438208850627574
E12000001 : North East,2020,4773,Dispensing chemist in specialised stores,0.0422227794232621
E12000001 : North East,2021,4773,Dispensing chemist in specialised stores,0.0451263433161625
E12000001 : North East,2022,4773,Dispensing chemist in specialised stores,0.0488192385676088
E12000001 : North East,2023,4773,Dispensing chemist in specialised stores,0.0539676472296898
E12000001 : North East,2024,4773,Dispensing chemist in specialised stores,0.0412679150239761
E12000001 : North East,2025,4773,Dispensing chemist in specialised stores,0.0418663600825301
E12000001 : North East,2010,4774,Retail sale of medical and orthopaedic goods in specialised stores,0.0014018987930359
E12000001 : North East,2011,4774,Retail sale of medical and orthopaedic goods in specialised stores,0.0013123279745908
E12000001 : North East,2012,4774,Retail sale of medical and orthopaedic goods in specialised stores,0.0015684284178651
E12000001 : North East,2013,4774,Retail sale of medical and orthopaedic goods in specialised stores,0.001956666806148
E12000001 : North East,2014,4774,Retail sale of medical and orthopaedic goods in specialised stores,0.0022956213528378
E12000001 : North East,2015,4774,Retail sale of medical and orthopaedic goods in specialised stores,0.0016986801475429
E12000001 : North East,2016,4774,Retail sale of medical and orthopaedic goods in specialised stores,0.0015523652601182
E12000001 : North East,2017,4774,Retail sale of medical and orthopaedic goods in specialised stores,0.0014303816964011
E12000001 : North East,2018,4774,Retail sale of medical and orthopaedic goods in specialised stores,0.0015434302276798
E12000001 : North East,2019,4774,Retail sale of medical and orthopaedic goods in specialised stores,0.0014321066903328
E12000001 : North East,2020,4774,Retail sale of medical and orthopaedic goods in specialised stores,0.0019862475818345
E12000001 : North East,2021,4774,Retail sale of medical and orthopaedic goods in specialised stores,0.002591994735112
E12000001 : North East,2022,4774,Retail sale of medical and orthopaedic goods in specialised stores,0.0023487596229189
E12000001 : North East,2023,4774,Retail sale of medical and orthopaedic goods in specialised stores,0.0022444702829541
E12000001 : North East,2024,4774,Retail sale of medical and orthopaedic goods in specialised stores,0.0021717345820406
E12000001 : North East,2025,4774,Retail sale of medical and orthopaedic goods in specialised stores,0.0032566716022407
E12000001 : North East,2010,4775,Retail sale of cosmetic and toilet articles in specialised stores,0.0006211738258145
E12000001 : North East,2011,4775,Retail sale of cosmetic and toilet articles in specialised stores,0.0006090703763146
E12000001 : North East,2012,4775,Retail sale of cosmetic and toilet articles in specialised stores,0.0006560336615519
E12000001 : North East,2013,4775,Retail sale of cosmetic and toilet articles in specialised stores,0.0006973701887183
E12000001 : North East,2014,4775,Retail sale of cosmetic and toilet articles in specialised stores,0.0007201521184875
E12000001 : North East,2015,4775,Retail sale of cosmetic and toilet articles in specialised stores,0.0014429849578113
E12000001 : North East,2016,4775,Retail sale of cosmetic and toilet articles in specialised stores,0.0010986460290091
E12000001 : North East,2017,4775,Retail sale of cosmetic and toilet articles in specialised stores,0.0015616346369718
E12000001 : North East,2018,4775,Retail sale of cosmetic and toilet articles in specialised stores,0.001512333457475
E12000001 : North East,2019,4775,Retail sale of cosmetic and toilet articles in specialised stores,0.0018171491634795
E12000001 : North East,2020,4775,Retail sale of cosmetic and toilet articles in specialised stores,0.0020905486514864
E12000001 : North East,2021,4775,Retail sale of cosmetic and toilet articles in specialised stores,0.0024165439819879
E12000001 : North East,2022,4775,Retail sale of cosmetic and toilet articles in specialised stores,0.0026762417907313
E12000001 : North East,2023,4775,Retail sale of cosmetic and toilet articles in specialised stores,0.0033949107490913
E12000001 : North East,2024,4775,Retail sale of cosmetic and toilet articles in specialised stores,0.0030342747051031
E12000001 : North East,2025,4775,Retail sale of cosmetic and toilet articles in specialised stores,0.0028690462816021
E12000001 : North East,2010,5610,Restaurants and mobile food service activities,0.1159526715740594
E12000001 : North East,2011,5610,Restaurants and mobile food service activities,0.1085441655211416
E12000001 : North East,2012,5610,Restaurants and mobile food service activities,0.1145065146196074
E12000001 : North East,2013,5610,Restaurants and mobile food service activities,0.1192893937625395
E12000001 : North East,2014,5610,Restaurants and mobile food service activities,0.1292201394535927
E12000001 : North East,2015,5610,Restaurants and mobile food service activities,0.1386588693827547
E12000001 : North East,2016,5610,Restaurants and mobile food service activities,0.1339218548372418
E12000001 : North East,2017,5610,Restaurants and mobile food service activities,0.1396299988783839
E12000001 : North East,2018,5610,Restaurants and mobile food service activities,0.1472524071476202
E12000001 : North East,2019,5610,Restaurants and mobile food service activities,0.1511186695517028
E12000001 : North East,2020,5610,Restaurants and mobile food service activities,0.1534444601157236
E12000001 : North East,2021,5610,Restaurants and mobile food service activities,0.1583386725204866
E12000001 : North East,2022,5610,Restaurants and mobile food service activities,0.1407565855904615
E12000001 : North East,2023,5610,Restaurants and mobile food service activities,0.1910690996776173
E12000001 : North East,2024,5610,Restaurants and mobile food service activities,0.1799878442358988
E12000001 : North East,2025,5610,Restaurants and mobile food service activities,0.179339610773589
E12000001 : North East,2010,7911,Travel agency activities,0.0311956094752761
E12000001 : North East,2011,7911,Travel agency activities,0.0292024440010815
E12000001 : North East,2012,7911,Travel agency activities,0.0401209436422772
E12000001 : North East,2013,7911,Travel agency activities,0.0430118728017918
E12000001 : North East,2014,7911,Travel agency activities,0.0468157834285529
E12000001 : North East,2015,7911,Travel agency activities,0.0484996238310409
E12000001 : North East,2016,7911,Travel agency activities,0.0490168759911035
E12000001 : North East,2017,7911,Travel agency activities,0.0585388114945267
E12000001 : North East,2018,7911,Travel agency activities,0.1539203642995829
E12000001 : North East,2019,7911,Travel agency activities,0.0515380696609149
E12000001 : North East,2020,7911,Travel agency activities,0.0555296108821363
E12000001 : North East,2021,7911,Travel agency activities,0.0438326500197808
E12000001 : North East,2022,7911,Travel agency activities,0.026334445404829
E12000001 : North East,2023,7911,Travel agency activities,0.0344020765854549
E12000001 : North East,2024,7911,Travel agency activities,0.0304550303806609
E12000001 : North East,2025,7911,Travel agency activities,0.048675568639349
E12000001 : North East,2010,7912,Tour operator activities,0.0036237380725998
E12000001 : North East,2011,7912,Tour operator activities,0.0033922083882846
E12000001 : North East,2012,7912,Tour operator activities,0.003662332233171
E12000001 : North East,2013,7912,Tour operator activities,0.0050505106119635
E12000001 : North East,2014,7912,Tour operator activities,0.0063154152731643
E12000001 : North East,2015,7912,Tour operator activities,0.0285589301596942
E12000001 : North East,2016,7912,Tour operator activities,0.0254561257444007
E12000001 : North East,2017,7912,Tour operator activities,0.033935585462461
E12000001 : North East,2018,7912,Tour operator activities,0.0365072402113255
E12000001 : North East,2019,7912,Tour operator activities,0.0305210333714247
E12000001 : North East,2020,7912,Tour operator activities,0.0309316227261409
E12000001 : North East,2021,7912,Tour operator activities,0.0289341844629141
E12000001 : North East,2022,7912,Tour operator activities,0.0198717213412713
E12000001 : North East,2023,7912,Tour operator activities,0.0095209388752726
E12000001 : North East,2024,7912,Tour operator activities,0.0250670346060138
E12000001 : North East,2025,7912,Tour operator activities,0.038649648466485
E12000001 : North East,2010,9313,Fitness facilities,0.0200597465243285
E12000001 : North East,2011,9313,Fitness facilities,0.0195733213959595
E12000001 : North East,2012,9313,Fitness facilities,0.0209885378922665
E12000001 : North East,2013,9313,Fitness facilities,0.0222193836538101
E12000001 : North East,2014,9313,Fitness facilities,0.0221458786248894
E12000001 : North East,2015,9313,Fitness facilities,0.0211759652337627
E12000001 : North East,2016,9313,Fitness facilities,0.0192290263219076
E12000001 : North East,2017,9313,Fitness facilities,0.0192620574182968
E12000001 : North East,2018,9313,Fitness facilities,0.0222468870108974
E12000001 : North East,2019,9313,Fitness facilities,0.0250433778618349
E12000001 : North East,2020,9313,Fitness facilities,0.0250839719379626
E12000001 : North East,2021,9313,Fitness facilities,0.0254374577800291
E12000001 : North East,2022,9313,Fitness facilities,0.0126318935642564
E12000001 : North East,2023,9313,Fitness facilities,0.0149405709599661
E12000001 : North East,2024,9313,Fitness facilities,0.0137402714515113
E12000001 : North East,2025,9313,Fitness facilities,0.0204825201969475
E12000002 : North West,2010,4764,Retail sale of sporting equipment in specialised stores,0.0433560758333884
E12000002 : North West,2011,4764,Retail sale of sporting equipment in specialised stores,0.0427040061508973
E12000002 : North West,2012,4764,Retail sale of sporting equipment in specialised stores,0.0417531544419085
E12000002 : North West,2013,4764,Retail sale of sporting equipment in specialised stores,0.0375355583822264
E12000002 : North West,2014,4764,Retail sale of sporting equipment in specialised stores,0.0369056574001058
E12000002 : North West,2015,4764,Retail sale of sporting equipment in specialised stores,0.0352131196594888
E12000002 : North West,2016,4764,Retail sale of sporting equipment in specialised stores,0.0463429751218298
E12000002 : North West,2017,4764,Retail sale of sporting equipment in specialised stores,0.0495904186509543
E12000002 : North West,2018,4764,Retail sale of sporting equipment in specialised stores,0.0549442353601565
E12000002 : North West,2019,4764,Retail sale of sporting equipment in specialised stores,0.0599727758518932
E12000002 : North West,2020,4764,Retail sale of sporting equipment in specialised stores,0.0552076537306045
E12000002 : North West,2021,4764,Retail sale of sporting equipment in specialised stores,0.0531471867074991
E12000002 : North West,2022,4764,Retail sale of sporting equipment in specialised stores,0.0761221391147807
E12000002 : North West,2023,4764,Retail sale of sporting equipment in specialised stores,0.0888414098089688
E12000002 : North West,2024,4764,Retail sale of sporting equipment in specialised stores,0.0982102276086998
E12000002 : North West,2025,4764,Retail sale of sporting equipment in specialised stores,0.0877693182084619
E12000002 : North West,2010,4771,Retail sale of clothing in specialised stores,0.0509161132031946
E12000002 : North West,2011,4771,Retail sale of clothing in specialised stores,0.0501503415522345
E12000002 : North West,2012,4771,Retail sale of clothing in specialised stores,0.0472681426768738
E12000002 : North West,2013,4771,Retail sale of clothing in specialised stores,0.0509791764166072
E12000002 : North West,2014,4771,Retail sale of clothing in specialised stores,0.0465559152902629
E12000002 : North West,2015,4771,Retail sale of clothing in specialised stores,0.0415638521220725
E12000002 : North West,2016,4771,Retail sale of clothing in specialised stores,0.0478100140265115
E12000002 : North West,2017,4771,Retail sale of clothing in specialised stores,0.0498009137690546
E12000002 : North West,2018,4771,Retail sale of clothing in specialised stores,0.0462219348141052
E12000002 : North West,2019,4771,Retail sale of clothing in specialised stores,0.0494632299139221
E12000002 : North West,2020,4771,Retail sale of clothing in specialised stores,0.048635602141471
E12000002 : North West,2021,4771,Retail sale of clothing in specialised stores,0.0479525861811347
E12000002 : North West,2022,4771,Retail sale of clothing in specialised stores,0.0377274143925866
E12000002 : North West,2023,4771,Retail sale of clothing in specialised stores,0.0422812490986459
E12000002 : North West,2024,4771,Retail sale of clothing in specialised stores,0.0431869931931337
E12000002 : North West,2025,4771,Retail sale of clothing in specialised stores,0.0399144266985874
E12000002 : North West,2010,4773,Dispensing chemist in specialised stores,0.0396170548025683
E12000002 : North West,2011,4773,Dispensing chemist in specialised stores,0.0390212195049825
E12000002 : North West,2012,4773,Dispensing chemist in specialised stores,0.0413844345275525
E12000002 : North West,2013,4773,Dispensing chemist in specialised stores,0.0377901904199416
E12000002 : North West,2014,4773,Dispensing chemist in specialised stores,0.0346837723683982
E12000002 : North West,2015,4773,Dispensing chemist in specialised stores,0.0525354717307048
E12000002 : North West,2016,4773,Dispensing chemist in specialised stores,0.0712869209719158
E12000002 : North West,2017,4773,Dispensing chemist in specialised stores,0.0703457950890261
E12000002 : North West,2018,4773,Dispensing chemist in specialised stores,0.0701417522840637
E12000002 : North West,2019,4773,Dispensing chemist in specialised stores,0.0700111721484114
E12000002 : North West,2020,4773,Dispensing chemist in specialised stores,0.0648632274732568
E12000002 : North West,2021,4773,Dispensing chemist in specialised stores,0.0607653795046276
E12000002 : North West,2022,4773,Dispensing chemist in specialised stores,0.0547461673161136
E12000002 : North West,2023,4773,Dispensing chemist in specialised stores,0.046797842254065
E12000002 : North West,2024,4773,Dispensing chemist in specialised stores,0.0432852088293839
E12000002 : North West,2025,4773,Dispensing chemist in specialised stores,0.0521620735543148
E12000002 : North West,2010,4774,Retail sale of medical and orthopaedic goods in specialised stores,0.0020453355061166
E12000002 : North West,2011,4774,Retail sale of medical and orthopaedic goods in specialised stores,0.0020145739289115
E12000002 : North West,2012,4774,Retail sale of medical and orthopaedic goods in specialised stores,0.002147585468487
E12000002 : North West,2013,4774,Retail sale of medical and orthopaedic goods in specialised stores,0.0021191053006508
E12000002 : North West,2014,4774,Retail sale of medical and orthopaedic goods in specialised stores,0.0025225291209411
E12000002 : North West,2015,4774,Retail sale of medical and orthopaedic goods in specialised stores,0.0020953274995119
E12000002 : North West,2016,4774,Retail sale of medical and orthopaedic goods in specialised stores,0.0086329968434917
E12000002 : North West,2017,4774,Retail sale of medical and orthopaedic goods in specialised stores,0.0027368390666058
E12000002 : North West,2018,4774,Retail sale of medical and orthopaedic goods in specialised stores,0.0028731901686918
E12000002 : North West,2019,4774,Retail sale of medical and orthopaedic goods in specialised stores,0.0037530665121018
E12000002 : North West,2020,4774,Retail sale of medical and orthopaedic goods in specialised stores,0.0033137542020861
E12000002 : North West,2021,4774,Retail sale of medical and orthopaedic goods in specialised stores,0.0036222395765522
E12000002 : North West,2022,4774,Retail sale of medical and orthopaedic goods in specialised stores,0.0032126666750159
E12000002 : North West,2023,4774,Retail sale of medical and orthopaedic goods in specialised stores,0.0027468488662511
E12000002 : North West,2024,4774,Retail sale of medical and orthopaedic goods in specialised stores,0.002696348364808
E12000002 : North West,2025,4774,Retail sale of medical and orthopaedic goods in specialised stores,0.0027764797105403
E12000002 : North West,2010,4775,Retail sale of cosmetic and toilet articles in specialised stores,0.0058472885918001
E12000002 : North West,2011,4775,Retail sale of cosmetic and toilet articles in specialised stores,0.0057593461398553
E12000002 : North West,2012,4775,Retail sale of cosmetic and toilet articles in specialised stores,0.0057361054069518
E12000002 : North West,2013,4775,Retail sale of cosmetic and toilet articles in specialised stores,0.0077317578488918
E12000002 : North West,2014,4775,Retail sale of cosmetic and toilet articles in specialised stores,0.0066242138722541
E12000002 : North West,2015,4775,Retail sale of cosmetic and toilet articles in specialised stores,0.0066535124185661
E12000002 : North West,2016,4775,Retail sale of cosmetic and toilet articles in specialised stores,0.0082168902757967
E12000002 : North West,2017,4775,Retail sale of cosmetic and toilet articles in specialised stores,0.0065196844706644
E12000002 : North West,2018,4775,Retail sale of cosmetic and toilet articles in specialised stores,0.008304715937352
E12000002 : North West,2019,4775,Retail sale of cosmetic and toilet articles in specialised stores,0.0090355055268382
E12000002 : North West,2020,4775,Retail sale of cosmetic and toilet articles in specialised stores,0.0088091055653748
E12000002 : North West,2021,4775,Retail sale of cosmetic and toilet articles in specialised stores,0.0091013568683676
E12000002 : North West,2022,4775,Retail sale of cosmetic and toilet articles in specialised stores,0.0067762213088166
E12000002 : North West,2023,4775,Retail sale of cosmetic and toilet articles in specialised stores,0.0166391060804681
E12000002 : North West,2024,4775,Retail sale of cosmetic and toilet articles in specialised stores,0.0052408247235452
E12000002 : North West,2025,4775,Retail sale of cosmetic and toilet articles in specialised stores,0.0080372581693742
E12000002 : North West,2010,5610,Restaurants and mobile food service activities,0.0448547856679663
E12000002 : North West,2011,5610,Restaurants and mobile food service activities,0.0441801755865301
E12000002 : North West,2012,5610,Restaurants and mobile food service activities,0.0545724411390306
E12000002 : North West,2013,5610,Restaurants and mobile food service activities,0.0432726851340305
E12000002 : North West,2014,5610,Restaurants and mobile food service activities,0.0459767883375405
E12000002 : North West,2015,5610,Restaurants and mobile food service activities,0.0628417582419861
E12000002 : North West,2016,5610,Restaurants and mobile food service activities,0.0655971139806737
E12000002 : North West,2017,5610,Restaurants and mobile food service activities,0.0678611706346285
E12000002 : North West,2018,5610,Restaurants and mobile food service activities,0.0668524133432017
E12000002 : North West,2019,5610,Restaurants and mobile food service activities,0.0751514448290791
E12000002 : North West,2020,5610,Restaurants and mobile food service activities,0.0714484654606329
E12000002 : North West,2021,5610,Restaurants and mobile food service activities,0.0734750860041036
E12000002 : North West,2022,5610,Restaurants and mobile food service activities,0.0547062461700339
E12000002 : North West,2023,5610,Restaurants and mobile food service activities,0.0671341738711221
E12000002 : North West,2024,5610,Restaurants and mobile food service activities,0.0687623911852045
E12000002 : North West,2025,5610,Restaurants and mobile food service activities,0.071683734276565
E12000002 : North West,2010,7911,Travel agency activities,0.0174186833465663
E12000002 : North West,2011,7911,Travel agency activities,0.0171567086382727
E12000002 : North West,2012,7911,Travel agency activities,0.0227127450061335
E12000002 : North West,2013,7911,Travel agency activities,0.0215187102694692
E12000002 : North West,2014,7911,Travel agency activities,0.0236012207254045
E12000002 : North West,2015,7911,Travel agency activities,0.022012784514919
E12000002 : North West,2016,7911,Travel agency activities,0.0303559260502806
E12000002 : North West,2017,7911,Travel agency activities,0.0679739081510978
E12000002 : North West,2018,7911,Travel agency activities,0.0561577881398819
E12000002 : North West,2019,7911,Travel agency activities,0.0485897094238332
E12000002 : North West,2020,7911,Travel agency activities,0.0413616891012077
E12000002 : North West,2021,7911,Travel agency activities,0.0484882934057567
E12000002 : North West,2022,7911,Travel agency activities,0.0161565756329806
E12000002 : North West,2023,7911,Travel agency activities,0.0100731649314558
E12000002 : North West,2024,7911,Travel agency activities,0.0143890703761015
E12000002 : North West,2025,7911,Travel agency activities,0.0178348930859137
E12000002 : North West,2010,7912,Tour operator activities,0.0097691594513175
E12000002 : North West,2011,7912,Tour operator activities,0.0096222325770749
E12000002 : North West,2012,7912,Tour operator activities,0.01015448905305
E12000002 : North West,2013,7912,Tour operator activities,0.0112573327589005
E12000002 : North West,2014,7912,Tour operator activities,0.0126154729785858
E12000002 : North West,2015,7912,Tour operator activities,0.0134812898524623
E12000002 : North West,2016,7912,Tour operator activities,0.0174142906763404
E12000002 : North West,2017,7912,Tour operator activities,0.0182521780393643
E12000002 : North West,2018,7912,Tour operator activities,0.0237085598613794
E12000002 : North West,2019,7912,Tour operator activities,0.0281544375334303
E12000002 : North West,2020,7912,Tour operator activities,0.0275218863401484
E12000002 : North West,2021,7912,Tour operator activities,0.0278865637561166
E12000002 : North West,2022,7912,Tour operator activities,0.0060233741993794
E12000002 : North West,2023,7912,Tour operator activities,0.0047210901542411
E12000002 : North West,2024,7912,Tour operator activities,0.0138887462297675
E12000002 : North West,2025,7912,Tour operator activities,0.019262944804689
E12000002 : North West,2010,9313,Fitness facilities,0.0066721386559607
E12000002 : North West,2011,9313,Fitness facilities,0.0065717905674564
E12000002 : North West,2012,9313,Fitness facilities,0.0069341725341195
E12000002 : North West,2013,9313,Fitness facilities,0.0060045806291418
E12000002 : North West,2014,9313,Fitness facilities,0.0058596650477482
E12000002 : North West,2015,9313,Fitness facilities,0.0059754522466163
E12000002 : North West,2016,9313,Fitness facilities,0.0067677737336131
E12000002 : North West,2017,9313,Fitness facilities,0.0065363607674132
E12000002 : North West,2018,9313,Fitness facilities,0.0071612482350047
E12000002 : North West,2019,9313,Fitness facilities,0.0074569820776617
E12000002 : North West,2020,9313,Fitness facilities,0.0069284294063089
E12000002 : North West,2021,9313,Fitness facilities,0.0030462730264096
E12000002 : North West,2022,9313,Fitness facilities,0.0018985740465282
E12000002 : North West,2023,9313,Fitness facilities,0.0017743982192481
E12000002 : North West,2024,9313,Fitness facilities,0.002087123620786
E12000002 : North West,2025,9313,Fitness facilities,0.0025018530350566
E12000003 : Yorkshire and The Humber,2010,4764,Retail sale of sporting equipment in specialised stores,0.0037544839438096
E12000003 : Yorkshire and The Humber,2011,4764,Retail sale of sporting equipment in specialised stores,0.0035954751742646
E12000003 : Yorkshire and The Humber,2012,4764,Retail sale of sporting equipment in specialised stores,0.004500828716852
E12000003 : Yorkshire and The Humber,2013,4764,Retail sale of sporting equipment in specialised stores,0.0052478495005627
E12000003 : Yorkshire and The Humber,2014,4764,Retail sale of sporting equipment in specialised stores,0.0058527381882289
E12000003 : Yorkshire and The Humber,2015,4764,Retail sale of sporting equipment in specialised stores,0.0052651777625042
E12000003 : Yorkshire and The Humber,2016,4764,Retail sale of sporting equipment in specialised stores,0.0056414549729133
E12000003 : Yorkshire and The Humber,2017,4764,Retail sale of sporting equipment in specialised stores,0.006547708921422
E12000003 : Yorkshire and The Humber,2018,4764,Retail sale of sporting equipment in specialised stores,0.0059088445248051
E12000003 : Yorkshire and The Humber,2019,4764,Retail sale of sporting equipment in specialised stores,0.0072956295588351
E12000003 : Yorkshire and The Humber,2020,4764,Retail sale of sporting equipment in specialised stores,0.0070787472201956
E12000003 : Yorkshire and The Humber,2021,4764,Retail sale of sporting equipment in specialised stores,0.0109406650363971
E12000003 : Yorkshire and The Humber,2022,4764,Retail sale of sporting equipment in specialised stores,0.0031440209236258
E12000003 : Yorkshire and The Humber,2023,4764,Retail sale of sporting equipment in specialised stores,0.003473174210974
E12000003 : Yorkshire and The Humber,2024,4764,Retail sale of sporting equipment in specialised stores,0.0036444658274331
E12000003 : Yorkshire and The Humber,2025,4764,Retail sale of sporting equipment in specialised stores,0.0070840423750224
E12000003 : Yorkshire and The Humber,2010,4771,Retail sale of clothing in specialised stores,0.0490975517930501
E12000003 : Yorkshire and The Humber,2011,4771,Retail sale of clothing in specialised stores,0.0470181871146751
E12000003 : Yorkshire and The Humber,2012,4771,Retail sale of clothing in specialised stores,0.0658689471403274
E12000003 : Yorkshire and The Humber,2013,4771,Retail sale of clothing in specialised stores,0.0656147291741139
E12000003 : Yorkshire and The Humber,2014,4771,Retail sale of clothing in specialised stores,0.0627046760029577
E12000003 : Yorkshire and The Humber,2015,4771,Retail sale of clothing in specialised stores,0.0521353809426262
E12000003 : Yorkshire and The Humber,2016,4771,Retail sale of clothing in specialised stores,0.0572466489450146
E12000003 : Yorkshire and The Humber,2017,4771,Retail sale of clothing in specialised stores,0.0446785886821451
E12000003 : Yorkshire and The Humber,2018,4771,Retail sale of clothing in specialised stores,0.0446954670590998
E12000003 : Yorkshire and The Humber,2019,4771,Retail sale of clothing in specialised stores,0.0415787492207913
E12000003 : Yorkshire and The Humber,2020,4771,Retail sale of clothing in specialised stores,0.0417418921280703
E12000003 : Yorkshire and The Humber,2021,4771,Retail sale of clothing in specialised stores,0.0362688122724433
E12000003 : Yorkshire and The Humber,2022,4771,Retail sale of clothing in specialised stores,0.007177882822858
E12000003 : Yorkshire and The Humber,2023,4771,Retail sale of clothing in specialised stores,0.0087124598154936
E12000003 : Yorkshire and The Humber,2024,4771,Retail sale of clothing in specialised stores,0.0089049123854355
E12000003 : Yorkshire and The Humber,2025,4771,Retail sale of clothing in specialised stores,0.0084499302959815
E12000003 : Yorkshire and The Humber,2010,4773,Dispensing chemist in specialised stores,0.0081090313383147
E12000003 : Yorkshire and The Humber,2011,4773,Dispensing chemist in specialised stores,0.0077656000932742
E12000003 : Yorkshire and The Humber,2012,4773,Dispensing chemist in specialised stores,0.0083551798429537
E12000003 : Yorkshire and The Humber,2013,4773,Dispensing chemist in specialised stores,0.0083331989402459
E12000003 : Yorkshire and The Humber,2014,4773,Dispensing chemist in specialised stores,0.0082944217976893
E12000003 : Yorkshire and The Humber,2015,4773,Dispensing chemist in specialised stores,0.0081690681868031
E12000003 : Yorkshire and The Humber,2016,4773,Dispensing chemist in specialised stores,0.0090249601223339
E12000003 : Yorkshire and The Humber,2017,4773,Dispensing chemist in specialised stores,0.0089092500683262
E12000003 : Yorkshire and The Humber,2018,4773,Dispensing chemist in specialised stores,0.0087480894672034
E12000003 : Yorkshire and The Humber,2019,4773,Dispensing chemist in specialised stores,0.0083950813137786
E12000003 : Yorkshire and The Humber,2020,4773,Dispensing chemist in specialised stores,0.0087046200351727
E12000003 : Yorkshire and The Humber,2021,4773,Dispensing chemist in specialised stores,0.0087986445277783
E12000003 : Yorkshire and The Humber,2022,4773,Dispensing chemist in specialised stores,0.0099810975279186
E12000003 : Yorkshire and The Humber,2023,4773,Dispensing chemist in specialised stores,0.0098442735288158
E12000003 : Yorkshire and The Humber,2024,4773,Dispensing chemist in specialised stores,0.0115214436552425
E12000003 : Yorkshire and The Humber,2025,4773,Dispensing chemist in specialised stores,0.0113970267745773
E12000003 : Yorkshire and The Humber,2010,4774,Retail sale of medical and orthopaedic goods in specialised stores,0.0007020754543986
E12000003 : Yorkshire and The Humber,2011,4774,Retail sale of medical and orthopaedic goods in specialised stores,0.0006723413668909
E12000003 : Yorkshire and The Humber,2012,4774,Retail sale of medical and orthopaedic goods in specialised stores,0.0019886096206344
E12000003 : Yorkshire and The Humber,2013,4774,Retail sale of medical and orthopaedic goods in specialised stores,0.0019580204256394
E12000003 : Yorkshire and The Humber,2014,4774,Retail sale of medical and orthopaedic goods in specialised stores,0.0005932470803945
E12000003 : Yorkshire and The Humber,2015,4774,Retail sale of medical and orthopaedic goods in specialised stores,0.0006776179423297
E12000003 : Yorkshire and The Humber,2016,4774,Retail sale of medical and orthopaedic goods in specialised stores,0.0007727366421149
E12000003 : Yorkshire and The Humber,2017,4774,Retail sale of medical and orthopaedic goods in specialised stores,0.0008278924506059
E12000003 : Yorkshire and The Humber,2018,4774,Retail sale of medical and orthopaedic goods in specialised stores,0.0009205829755565
E12000003 : Yorkshire and The Humber,2019,4774,Retail sale of medical and orthopaedic goods in specialised stores,0.0010274728367135
E12000003 : Yorkshire and The Humber,2020,4774,Retail sale of medical and orthopaedic goods in specialised stores,0.0010558791524135
E12000003 : Yorkshire and The Humber,2021,4774,Retail sale of medical and orthopaedic goods in specialised stores,0.0012915821786033
E12000003 : Yorkshire and The Humber,2022,4774,Retail sale of medical and orthopaedic goods in specialised stores,0.0012508986234832
E12000003 : Yorkshire and The Humber,2023,4774,Retail sale of medical and orthopaedic goods in specialised stores,0.0014385319733412
E12000003 : Yorkshire and The Humber,2024,4774,Retail sale of medical and orthopaedic goods in specialised stores,0.0016870209516149
E12000003 : Yorkshire and The Humber,2025,4774,Retail sale of medical and orthopaedic goods in specialised stores,0.0011008690601134
E12000003 : Yorkshire and The Humber,2010,4775,Retail sale of cosmetic and toilet articles in specialised stores,0.0015347441241167
E12000003 : Yorkshire and The Humber,2011,4775,Retail sale of cosmetic and toilet articles in specialised stores,0.0014697451047056
E12000003 : Yorkshire and The Humber,2012,4775,Retail sale of cosmetic and toilet articles in specialised stores,0.0003719161046666
E12000003 : Yorkshire and The Humber,2013,4775,Retail sale of cosmetic and toilet articles in specialised stores,0.000432628877933
E12000003 : Yorkshire and The Humber,2014,4775,Retail sale of cosmetic and toilet articles in specialised stores,0.0005906828527159
E12000003 : Yorkshire and The Humber,2015,4775,Retail sale of cosmetic and toilet articles in specialised stores,0.0006372373215937
E12000003 : Yorkshire and The Humber,2016,4775,Retail sale of cosmetic and toilet articles in specialised stores,0.0005216080037766
E12000003 : Yorkshire and The Humber,2017,4775,Retail sale of cosmetic and toilet articles in specialised stores,0.0006471663215637
E12000003 : Yorkshire and The Humber,2018,4775,Retail sale of cosmetic and toilet articles in specialised stores,0.000510204326539
E12000003 : Yorkshire and The Humber,2019,4775,Retail sale of cosmetic and toilet articles in specialised stores,0.0006598452671914
E12000003 : Yorkshire and The Humber,2020,4775,Retail sale of cosmetic and toilet articles in specialised stores,0.0006760014985322
E12000003 : Yorkshire and The Humber,2021,4775,Retail sale of cosmetic and toilet articles in specialised stores,0.0008098206443098
E12000003 : Yorkshire and The Humber,2022,4775,Retail sale of cosmetic and toilet articles in specialised stores,0.0010456889316127
E12000003 : Yorkshire and The Humber,2023,4775,Retail sale of cosmetic and toilet articles in specialised stores,0.0009656383780569
E12000003 : Yorkshire and The Humber,2024,4775,Retail sale of cosmetic and toilet articles in specialised stores,0.0010971767472608
E12000003 : Yorkshire and The Humber,2025,4775,Retail sale of cosmetic and toilet articles in specialised stores,0.0009677435360025
E12000003 : Yorkshire and The Humber,2010,5610,Restaurants and mobile food service activities,0.0257794009183311
E12000003 : Yorkshire and The Humber,2011,5610,Restaurants and mobile food service activities,0.0246875995200619
E12000003 : Yorkshire and The Humber,2012,5610,Restaurants and mobile food service activities,0.0231854038969673
E12000003 : Yorkshire and The Humber,2013,5610,Restaurants and mobile food service activities,0.023895501544674
E12000003 : Yorkshire and The Humber,2014,5610,Restaurants and mobile food service activities,0.0253128478546723
E12000003 : Yorkshire and The Humber,2015,5610,Restaurants and mobile food service activities,0.0274072460237597
E12000003 : Yorkshire and The Humber,2016,5610,Restaurants and mobile food service activities,0.0309619172844015
E12000003 : Yorkshire and The Humber,2017,5610,Restaurants and mobile food service activities,0.0358390712959785
E12000003 : Yorkshire and The Humber,2018,5610,Restaurants and mobile food service activities,0.0343419886907018
E12000003 : Yorkshire and The Humber,2019,5610,Restaurants and mobile food service activities,0.0393981204276098
E12000003 : Yorkshire and The Humber,2020,5610,Restaurants and mobile food service activities,0.0413866781726127
E12000003 : Yorkshire and The Humber,2021,5610,Restaurants and mobile food service activities,0.042932450946439
E12000003 : Yorkshire and The Humber,2022,5610,Restaurants and mobile food service activities,0.0351738216835234
E12000003 : Yorkshire and The Humber,2023,5610,Restaurants and mobile food service activities,0.0443565207102302
E12000003 : Yorkshire and The Humber,2024,5610,Restaurants and mobile food service activities,0.0523220308059958
E12000003 : Yorkshire and The Humber,2025,5610,Restaurants and mobile food service activities,0.048642962470234
E12000003 : Yorkshire and The Humber,2010,7911,Travel agency activities,0.0052890049356851
E12000003 : Yorkshire and The Humber,2011,7911,Travel agency activities,0.0050650065967583
E12000003 : Yorkshire and The Humber,2012,7911,Travel agency activities,0.005577427967203
E12000003 : Yorkshire and The Humber,2013,7911,Travel agency activities,0.0058423944121836
E12000003 : Yorkshire and The Humber,2014,7911,Travel agency activities,0.0118270542148712
E12000003 : Yorkshire and The Humber,2015,7911,Travel agency activities,0.0167065488748508
E12000003 : Yorkshire and The Humber,2016,7911,Travel agency activities,0.0119505279813578
E12000003 : Yorkshire and The Humber,2017,7911,Travel agency activities,0.0135905108417317
E12000003 : Yorkshire and The Humber,2018,7911,Travel agency activities,0.0139444826650266
E12000003 : Yorkshire and The Humber,2019,7911,Travel agency activities,0.0097484591907265
E12000003 : Yorkshire and The Humber,2020,7911,Travel agency activities,0.0059755782609626
E12000003 : Yorkshire and The Humber,2021,7911,Travel agency activities,0.0072056447565162
E12000003 : Yorkshire and The Humber,2022,7911,Travel agency activities,0.0037467300545388
E12000003 : Yorkshire and The Humber,2023,7911,Travel agency activities,0.0028207318488534
E12000003 : Yorkshire and The Humber,2024,7911,Travel agency activities,0.0047696019631338
E12000003 : Yorkshire and The Humber,2025,7911,Travel agency activities,0.0048591391321254
E12000003 : Yorkshire and The Humber,2010,7912,Tour operator activities,0.0060107971663016
E12000003 : Yorkshire and The Humber,2011,7912,Tour operator activities,0.0057562297009183
E12000003 : Yorkshire and The Humber,2012,7912,Tour operator activities,0.0039534818836782
E12000003 : Yorkshire and The Humber,2013,7912,Tour operator activities,0.0044470056724242
E12000003 : Yorkshire and The Humber,2014,7912,Tour operator activities,0.0053121878447655
E12000003 : Yorkshire and The Humber,2015,7912,Tour operator activities,0.0047222065149286
E12000003 : Yorkshire and The Humber,2016,7912,Tour operator activities,0.0053160288768136
E12000003 : Yorkshire and The Humber,2017,7912,Tour operator activities,0.004454444145234
E12000003 : Yorkshire and The Humber,2018,7912,Tour operator activities,0.005181281563648
E12000003 : Yorkshire and The Humber,2019,7912,Tour operator activities,0.005439092555787
E12000003 : Yorkshire and The Humber,2020,7912,Tour operator activities,0.0046199961927187
E12000003 : Yorkshire and The Humber,2021,7912,Tour operator activities,0.0044616038962227
E12000003 : Yorkshire and The Humber,2022,7912,Tour operator activities,0.0015701236826845
E12000003 : Yorkshire and The Humber,2023,7912,Tour operator activities,0.00148046325358
E12000003 : Yorkshire and The Humber,2024,7912,Tour operator activities,0.0042332491932547
E12000003 : Yorkshire and The Humber,2025,7912,Tour operator activities,0.0032869173277516
E12000003 : Yorkshire and The Humber,2010,9313,Fitness facilities,0.0022692548924786
E12000003 : Yorkshire and The Humber,2011,9313,Fitness facilities,0.0021731480949434
E12000003 : Yorkshire and The Humber,2012,9313,Fitness facilities,0.0021964363843256
E12000003 : Yorkshire and The Humber,2013,9313,Fitness facilities,0.0024677413477019
E12000003 : Yorkshire and The Humber,2014,9313,Fitness facilities,0.0032196479895135
E12000003 : Yorkshire and The Humber,2015,9313,Fitness facilities,0.0024206366425734
E12000003 : Yorkshire and The Humber,2016,9313,Fitness facilities,0.0020826982941077
E12000003 : Yorkshire and The Humber,2017,9313,Fitness facilities,0.0027791413285745
E12000003 : Yorkshire and The Humber,2018,9313,Fitness facilities,0.0038599558281599
E12000003 : Yorkshire and The Humber,2019,9313,Fitness facilities,0.0047812205313526
E12000003 : Yorkshire and The Humber,2020,9313,Fitness facilities,0.0048428553872392
E12000003 : Yorkshire and The Humber,2021,9313,Fitness facilities,0.0047539166086141
E12000003 : Yorkshire and The Humber,2022,9313,Fitness facilities,0.0033670022779533
E12000003 : Yorkshire and The Humber,2023,9313,Fitness facilities,0.0048268336511409
E12000003 : Yorkshire and The Humber,2024,9313,Fitness facilities,0.0067276581696317
E12000003 : Yorkshire and The Humber,2025,9313,Fitness facilities,0.0072608694780713
E12000004 : East Midlands,2010,4764,Retail sale of sporting equipment in specialised stores,0.0762152759975571
E12000004 : East Midlands,2011,4764,Retail sale of sporting equipment in specialised stores,0.0744212747056715
E12000004 : East Midlands,2012,4764,Retail sale of sporting equipment in specialised stores,0.0798366010235732
E12000004 : East Midlands,2013,4764,Retail sale of sporting equipment in specialised stores,0.0707644066381378
E12000004 : East Midlands,2014,4764,Retail sale of sporting equipment in specialised stores,0.0865688814044404
E12000004 : East Midlands,2015,4764,Retail sale of sporting equipment in specialised stores,0.0839446589258084
E12000004 : East Midlands,2016,4764,Retail sale of sporting equipment in specialised stores,0.1012076531399064
E12000004 : East Midlands,2017,4764,Retail sale of sporting equipment in specialised stores,0.1065012068269979
E12000004 : East Midlands,2018,4764,Retail sale of sporting equipment in specialised stores,0.1072925754567347
E12000004 : East Midlands,2019,4764,Retail sale of sporting equipment in specialised stores,0.0939738899223093
E12000004 : East Midlands,2020,4764,Retail sale of sporting equipment in specialised stores,0.1148074888594858
E12000004 : East Midlands,2021,4764,Retail sale of sporting equipment in specialised stores,0.1224309212917107
E12000004 : East Midlands,2022,4764,Retail sale of sporting equipment in specialised stores,0.1440973142808398
E12000004 : East Midlands,2023,4764,Retail sale of sporting equipment in specialised stores,0.1326218537402256
E12000004 : East Midlands,2024,4764,Retail sale of sporting equipment in specialised stores,0.1095174037912028
E12000004 : East Midlands,2025,4764,Retail sale of sporting equipment in specialised stores,0.104679268097966
E12000004 : East Midlands,2010,4771,Retail sale of clothing in specialised stores,0.1746375901861705
E12000004 : East Midlands,2011,4771,Retail sale of clothing in specialised stores,0.1705268648977675
E12000004 : East Midlands,2012,4771,Retail sale of clothing in specialised stores,0.1688116979199184
E12000004 : East Midlands,2013,4771,Retail sale of clothing in specialised stores,0.1756145665263906
E12000004 : East Midlands,2014,4771,Retail sale of clothing in specialised stores,0.1837214533009226
E12000004 : East Midlands,2015,4771,Retail sale of clothing in specialised stores,0.1871181507980076
E12000004 : East Midlands,2016,4771,Retail sale of clothing in specialised stores,0.1908028753052423
E12000004 : East Midlands,2017,4771,Retail sale of clothing in specialised stores,0.1720583175119479
E12000004 : East Midlands,2018,4771,Retail sale of clothing in specialised stores,0.1662436801804774
E12000004 : East Midlands,2019,4771,Retail sale of clothing in specialised stores,0.1657538645187829
E12000004 : East Midlands,2020,4771,Retail sale of clothing in specialised stores,0.162095414886593
E12000004 : East Midlands,2021,4771,Retail sale of clothing in specialised stores,0.1580319847685799
E12000004 : East Midlands,2022,4771,Retail sale of clothing in specialised stores,0.179486387046259
E12000004 : East Midlands,2023,4771,Retail sale of clothing in specialised stores,0.1632797282631892
E12000004 : East Midlands,2024,4771,Retail sale of clothing in specialised stores,0.1843111912459305
E12000004 : East Midlands,2025,4771,Retail sale of clothing in specialised stores,0.1706614755450653
E12000004 : East Midlands,2010,4773,Dispensing chemist in specialised stores,0.0177102123802848
E12000004 : East Midlands,2011,4773,Dispensing chemist in specialised stores,0.0172933386830641
E12000004 : East Midlands,2012,4773,Dispensing chemist in specialised stores,0.0207406787920674
E12000004 : East Midlands,2013,4773,Dispensing chemist in specialised stores,0.0214054441673634
E12000004 : East Midlands,2014,4773,Dispensing chemist in specialised stores,0.0187389805040553
E12000004 : East Midlands,2015,4773,Dispensing chemist in specialised stores,0.0170252737228491
E12000004 : East Midlands,2016,4773,Dispensing chemist in specialised stores,0.0165174423298562
E12000004 : East Midlands,2017,4773,Dispensing chemist in specialised stores,0.0158761242720286
E12000004 : East Midlands,2018,4773,Dispensing chemist in specialised stores,0.0126513692804765
E12000004 : East Midlands,2019,4773,Dispensing chemist in specialised stores,0.0125139587618368
E12000004 : East Midlands,2020,4773,Dispensing chemist in specialised stores,0.0121587648550004
E12000004 : East Midlands,2021,4773,Dispensing chemist in specialised stores,0.0119039657593793
E12000004 : East Midlands,2022,4773,Dispensing chemist in specialised stores,0.0172865579847856
E12000004 : East Midlands,2023,4773,Dispensing chemist in specialised stores,0.0171950746162175
E12000004 : East Midlands,2024,4773,Dispensing chemist in specialised stores,0.0152260208764776
E12000004 : East Midlands,2025,4773,Dispensing chemist in specialised stores,0.0162078827317515
E12000004 : East Midlands,2010,4774,Retail sale of medical and orthopaedic goods in specialised stores,0.0017832383630844
E12000004 : East Midlands,2011,4774,Retail sale of medical and orthopaedic goods in specialised stores,0.001741263419279
E12000004 : East Midlands,2012,4774,Retail sale of medical and orthopaedic goods in specialised stores,0.0018620982208487
E12000004 : East Midlands,2013,4774,Retail sale of medical and orthopaedic goods in specialised stores,0.0016997078590385
E12000004 : East Midlands,2014,4774,Retail sale of medical and orthopaedic goods in specialised stores,0.0014674436141652
E12000004 : East Midlands,2015,4774,Retail sale of medical and orthopaedic goods in specialised stores,0.0017098759175533
E12000004 : East Midlands,2016,4774,Retail sale of medical and orthopaedic goods in specialised stores,0.001301567209415
E12000004 : East Midlands,2017,4774,Retail sale of medical and orthopaedic goods in specialised stores,0.0013467444299321
E12000004 : East Midlands,2018,4774,Retail sale of medical and orthopaedic goods in specialised stores,0.0013248777207269
E12000004 : East Midlands,2019,4774,Retail sale of medical and orthopaedic goods in specialised stores,0.0013444090102535
E12000004 : East Midlands,2020,4774,Retail sale of medical and orthopaedic goods in specialised stores,0.001250171559509
E12000004 : East Midlands,2021,4774,Retail sale of medical and orthopaedic goods in specialised stores,0.0018479994713217
E12000004 : East Midlands,2022,4774,Retail sale of medical and orthopaedic goods in specialised stores,0.0021509088857055
E12000004 : East Midlands,2023,4774,Retail sale of medical and orthopaedic goods in specialised stores,0.0020102029710478
E12000004 : East Midlands,2024,4774,Retail sale of medical and orthopaedic goods in specialised stores,0.0015400419015201
E12000004 : East Midlands,2025,4774,Retail sale of medical and orthopaedic goods in specialised stores,0.0015587322672554
E12000004 : East Midlands,2010,4775,Retail sale of cosmetic and toilet articles in specialised stores,0.0007487319363224
E12000004 : East Midlands,2011,4775,Retail sale of cosmetic and toilet articles in specialised stores,0.0007311078308729
E12000004 : East Midlands,2012,4775,Retail sale of cosmetic and toilet articles in specialised stores,0.0008586612091054
E12000004 : East Midlands,2013,4775,Retail sale of cosmetic and toilet articles in specialised stores,0.0007167914837248
E12000004 : East Midlands,2014,4775,Retail sale of cosmetic and toilet articles in specialised stores,0.0006828201247327
E12000004 : East Midlands,2015,4775,Retail sale of cosmetic and toilet articles in specialised stores,0.0007823103943498
E12000004 : East Midlands,2016,4775,Retail sale of cosmetic and toilet articles in specialised stores,0.0006851323688048
E12000004 : East Midlands,2017,4775,Retail sale of cosmetic and toilet articles in specialised stores,0.0011501783997918
E12000004 : East Midlands,2018,4775,Retail sale of cosmetic and toilet articles in specialised stores,0.0012656941585877
E12000004 : East Midlands,2019,4775,Retail sale of cosmetic and toilet articles in specialised stores,0.0013331188676664
E12000004 : East Midlands,2020,4775,Retail sale of cosmetic and toilet articles in specialised stores,0.0015940983125006
E12000004 : East Midlands,2021,4775,Retail sale of cosmetic and toilet articles in specialised stores,0.0015973126051371
E12000004 : East Midlands,2022,4775,Retail sale of cosmetic and toilet articles in specialised stores,0.0017124062240957
E12000004 : East Midlands,2023,4775,Retail sale of cosmetic and toilet articles in specialised stores,0.0019608627927262
E12000004 : East Midlands,2024,4775,Retail sale of cosmetic and toilet articles in specialised stores,0.0017996012469758
E12000004 : East Midlands,2025,4775,Retail sale of cosmetic and toilet articles in specialised stores,0.0016470002463535
E12000004 : East Midlands,2010,5610,Restaurants and mobile food service activities,0.0351275370857874
E12000004 : East Midlands,2011,5610,Restaurants and mobile food service activities,0.0343006838586906
E12000004 : East Midlands,2012,5610,Restaurants and mobile food service activities,0.0341293065760649
E12000004 : East Midlands,2013,5610,Restaurants and mobile food service activities,0.0352746301786933
E12000004 : East Midlands,2014,5610,Restaurants and mobile food service activities,0.0377396737017766
E12000004 : East Midlands,2015,5610,Restaurants and mobile food service activities,0.0420533894411782
E12000004 : East Midlands,2016,5610,Restaurants and mobile food service activities,0.0405754186520298
E12000004 : East Midlands,2017,5610,Restaurants and mobile food service activities,0.0493289729448874
E12000004 : East Midlands,2018,5610,Restaurants and mobile food service activities,0.0410805260951949
E12000004 : East Midlands,2019,5610,Restaurants and mobile food service activities,0.0448147038865504
E12000004 : East Midlands,2020,5610,Restaurants and mobile food service activities,0.0460491973774735
E12000004 : East Midlands,2021,5610,Restaurants and mobile food service activities,0.052182637748179
E12000004 : East Midlands,2022,5610,Restaurants and mobile food service activities,0.053915833405611
E12000004 : East Midlands,2023,5610,Restaurants and mobile food service activities,0.0673398477520679
E12000004 : East Midlands,2024,5610,Restaurants and mobile food service activities,0.059196323977746
E12000004 : East Midlands,2025,5610,Restaurants and mobile food service activities,0.0595607402225059
E12000004 : East Midlands,2010,7911,Travel agency activities,0.00663918760414
E12000004 : East Midlands,2011,7911,Travel agency activities,0.00648291038828
E12000004 : East Midlands,2012,7911,Travel agency activities,0.0049174243179341
E12000004 : East Midlands,2013,7911,Travel agency activities,0.004974789749146
E12000004 : East Midlands,2014,7911,Travel agency activities,0.0061776717433268
E12000004 : East Midlands,2015,7911,Travel agency activities,0.0055541778195627
E12000004 : East Midlands,2016,7911,Travel agency activities,0.0060481664563066
E12000004 : East Midlands,2017,7911,Travel agency activities,0.0061651728692306
E12000004 : East Midlands,2018,7911,Travel agency activities,0.006344957008599
E12000004 : East Midlands,2019,7911,Travel agency activities,0.0067109313171584
E12000004 : East Midlands,2020,7911,Travel agency activities,0.0074033271000886
E12000004 : East Midlands,2021,7911,Travel agency activities,0.0106877618246574
E12000004 : East Midlands,2022,7911,Travel agency activities,0.0041872863616225
E12000004 : East Midlands,2023,7911,Travel agency activities,0.0064531174954455
E12000004 : East Midlands,2024,7911,Travel agency activities,0.0070388694563279
E12000004 : East Midlands,2025,7911,Travel agency activities,0.0082467269716287
E12000004 : East Midlands,2010,7912,Tour operator activities,0.0155585203061551
E12000004 : East Midlands,2011,7912,Tour operator activities,0.0151922944391785
E12000004 : East Midlands,2012,7912,Tour operator activities,0.0129836237221223
E12000004 : East Midlands,2013,7912,Tour operator activities,0.0104627612784408
E12000004 : East Midlands,2014,7912,Tour operator activities,0.0119821359538051
E12000004 : East Midlands,2015,7912,Tour operator activities,0.012043202750465
E12000004 : East Midlands,2016,7912,Tour operator activities,0.0118803591767134
E12000004 : East Midlands,2017,7912,Tour operator activities,0.0095629834220963
E12000004 : East Midlands,2018,7912,Tour operator activities,0.0127872696459523
E12000004 : East Midlands,2019,7912,Tour operator activities,0.0121974466707468
E12000004 : East Midlands,2020,7912,Tour operator activities,0.0134167108621014
E12000004 : East Midlands,2021,7912,Tour operator activities,0.0144426896583654
E12000004 : East Midlands,2022,7912,Tour operator activities,0.005563611002043
E12000004 : East Midlands,2023,7912,Tour operator activities,0.0053057224026161
E12000004 : East Midlands,2024,7912,Tour operator activities,0.0041522753471728
E12000004 : East Midlands,2025,7912,Tour operator activities,0.0037653328529264
E12000004 : East Midlands,2010,9313,Fitness facilities,0.0011261002225502
E12000004 : East Midlands,2011,9313,Fitness facilities,0.0010995933939964
E12000004 : East Midlands,2012,9313,Fitness facilities,0.0011844615545511
E12000004 : East Midlands,2013,9313,Fitness facilities,0.0011267100145935
E12000004 : East Midlands,2014,9313,Fitness facilities,0.0011392628432942
E12000004 : East Midlands,2015,9313,Fitness facilities,0.0009183170693064
E12000004 : East Midlands,2016,9313,Fitness facilities,0.0013694805192513
E12000004 : East Midlands,2017,9313,Fitness facilities,0.0014541096430209
E12000004 : East Midlands,2018,9313,Fitness facilities,0.0020052136192964
E12000004 : East Midlands,2019,9313,Fitness facilities,0.0019992019986092
E12000004 : East Midlands,2020,9313,Fitness facilities,0.0018092923293934
E12000004 : East Midlands,2021,9313,Fitness facilities,0.0063687720538159
E12000004 : East Midlands,2022,9313,Fitness facilities,0.0072088009094037
E12000004 : East Midlands,2023,9313,Fitness facilities,0.0051734380780697
E12000004 : East Midlands,2024,9313,Fitness facilities,0.0026734612581935
E12000004 : East Midlands,2025,9313,Fitness facilities,0.0017675352011655
E12000005 : West Midlands,2010,4764,Retail sale of sporting equipment in specialised stores,0.0079739833355281
E12000005 : West Midlands,2011,4764,Retail sale of sporting equipment in specialised stores,0.0072323192458031
E12000005 : West Midlands,2012,4764,Retail sale of sporting equipment in specialised stores,0.0070123911028401
E12000005 : West Midlands,2013,4764,Retail sale of sporting equipment in specialised stores,0.0051674552653888
E12000005 : West Midlands,2014,4764,Retail sale of sporting equipment in specialised stores,0.0051292504224683
E12000005 : West Midlands,2015,4764,Retail sale of sporting equipment in specialised stores,0.0050597679411316
E12000005 : West Midlands,2016,4764,Retail sale of sporting equipment in specialised stores,0.0053721205496281
E12000005 : West Midlands,2017,4764,Retail sale of sporting equipment in specialised stores,0.0053587004929677
E12000005 : West Midlands,2018,4764,Retail sale of sporting equipment in specialised stores,0.0044959106146179
E12000005 : West Midlands,2019,4764,Retail sale of sporting equipment in specialised stores,0.0043099227316041
E12000005 : West Midlands,2020,4764,Retail sale of sporting equipment in specialised stores,0.0042651248727254
E12000005 : West Midlands,2021,4764,Retail sale of sporting equipment in specialised stores,0.0049023913891697
E12000005 : West Midlands,2022,4764,Retail sale of sporting equipment in specialised stores,0.0048665853530836
E12000005 : West Midlands,2023,4764,Retail sale of sporting equipment in specialised stores,0.0054983112752163
E12000005 : West Midlands,2024,4764,Retail sale of sporting equipment in specialised stores,0.0068097118215992
E12000005 : West Midlands,2025,4764,Retail sale of sporting equipment in specialised stores,0.0051254279086358
E12000005 : West Midlands,2010,4771,Retail sale of clothing in specialised stores,0.0224102821225676
E12000005 : West Midlands,2011,4771,Retail sale of clothing in specialised stores,0.0203258908225684
E12000005 : West Midlands,2012,4771,Retail sale of clothing in specialised stores,0.0200761314178708
E12000005 : West Midlands,2013,4771,Retail sale of clothing in specialised stores,0.0161022318922908
E12000005 : West Midlands,2014,4771,Retail sale of clothing in specialised stores,0.0152820244781766
E12000005 : West Midlands,2015,4771,Retail sale of clothing in specialised stores,0.0283538992736119
E12000005 : West Midlands,2016,4771,Retail sale of clothing in specialised stores,0.0262082306263427
E12000005 : West Midlands,2017,4771,Retail sale of clothing in specialised stores,0.0496268078421016
E12000005 : West Midlands,2018,4771,Retail sale of clothing in specialised stores,0.038708730959321
E12000005 : West Midlands,2019,4771,Retail sale of clothing in specialised stores,0.0342891371438094
E12000005 : West Midlands,2020,4771,Retail sale of clothing in specialised stores,0.0354601387587205
E12000005 : West Midlands,2021,4771,Retail sale of clothing in specialised stores,0.0363866460043233
E12000005 : West Midlands,2022,4771,Retail sale of clothing in specialised stores,0.0439364254203232
E12000005 : West Midlands,2023,4771,Retail sale of clothing in specialised stores,0.0124040875970787
E12000005 : West Midlands,2024,4771,Retail sale of clothing in specialised stores,0.0181803117681259
E12000005 : West Midlands,2025,4771,Retail sale of clothing in specialised stores,0.0165431832172727
E12000005 : West Midlands,2010,4773,Dispensing chemist in specialised stores,0.1657442479871465
E12000005 : West Midlands,2011,4773,Dispensing chemist in specialised stores,0.1503282944244103
E12000005 : West Midlands,2012,4773,Dispensing chemist in specialised stores,0.1647581560585072
E12000005 : West Midlands,2013,4773,Dispensing chemist in specialised stores,0.2856611249995933
E12000005 : West Midlands,2014,4773,Dispensing chemist in specialised stores,0.2614820724963374
E12000005 : West Midlands,2015,4773,Dispensing chemist in specialised stores,0.2418009694062403
E12000005 : West Midlands,2016,4773,Dispensing chemist in specialised stores,0.1897638912342724
E12000005 : West Midlands,2017,4773,Dispensing chemist in specialised stores,0.1832213263059781
E12000005 : West Midlands,2018,4773,Dispensing chemist in specialised stores,0.230736172407249
E12000005 : West Midlands,2019,4773,Dispensing chemist in specialised stores,0.2311581481348579
E12000005 : West Midlands,2020,4773,Dispensing chemist in specialised stores,0.2083211420000175
E12000005 : West Midlands,2021,4773,Dispensing chemist in specialised stores,0.2004284340274262
E12000005 : West Midlands,2022,4773,Dispensing chemist in specialised stores,0.1878785410571848
E12000005 : West Midlands,2023,4773,Dispensing chemist in specialised stores,0.2244081687513989
E12000005 : West Midlands,2024,4773,Dispensing chemist in specialised stores,0.029647235675926
E12000005 : West Midlands,2025,4773,Dispensing chemist in specialised stores,0.0281710000296448
E12000005 : West Midlands,2010,4774,Retail sale of medical and orthopaedic goods in specialised stores,0.0027294950137725
E12000005 : West Midlands,2011,4774,Retail sale of medical and orthopaedic goods in specialised stores,0.0024756233476782
E12000005 : West Midlands,2012,4774,Retail sale of medical and orthopaedic goods in specialised stores,0.0020890644270971
E12000005 : West Midlands,2013,4774,Retail sale of medical and orthopaedic goods in specialised stores,0.0026943447351435
E12000005 : West Midlands,2014,4774,Retail sale of medical and orthopaedic goods in specialised stores,0.0022206782754588
E12000005 : West Midlands,2015,4774,Retail sale of medical and orthopaedic goods in specialised stores,0.0020975359202609
E12000005 : West Midlands,2016,4774,Retail sale of medical and orthopaedic goods in specialised stores,0.0015417753823478
E12000005 : West Midlands,2017,4774,Retail sale of medical and orthopaedic goods in specialised stores,0.0017902772130184
E12000005 : West Midlands,2018,4774,Retail sale of medical and orthopaedic goods in specialised stores,0.0015007820321348
E12000005 : West Midlands,2019,4774,Retail sale of medical and orthopaedic goods in specialised stores,0.0015547942525676
E12000005 : West Midlands,2020,4774,Retail sale of medical and orthopaedic goods in specialised stores,0.0021719642180393
E12000005 : West Midlands,2021,4774,Retail sale of medical and orthopaedic goods in specialised stores,0.002173769837664
E12000005 : West Midlands,2022,4774,Retail sale of medical and orthopaedic goods in specialised stores,0.0034487855244957
E12000005 : West Midlands,2023,4774,Retail sale of medical and orthopaedic goods in specialised stores,0.0034075528014613
E12000005 : West Midlands,2024,4774,Retail sale of medical and orthopaedic goods in specialised stores,0.0034819697362716
E12000005 : West Midlands,2025,4774,Retail sale of medical and orthopaedic goods in specialised stores,0.0024032782807406
E12000005 : West Midlands,2010,4775,Retail sale of cosmetic and toilet articles in specialised stores,0.0011320809759957
E12000005 : West Midlands,2011,4775,Retail sale of cosmetic and toilet articles in specialised stores,0.0010267855707725
E12000005 : West Midlands,2012,4775,Retail sale of cosmetic and toilet articles in specialised stores,0.0012201160059307
E12000005 : West Midlands,2013,4775,Retail sale of cosmetic and toilet articles in specialised stores,0.0009453720101464
E12000005 : West Midlands,2014,4775,Retail sale of cosmetic and toilet articles in specialised stores,0.0009786079001237
E12000005 : West Midlands,2015,4775,Retail sale of cosmetic and toilet articles in specialised stores,0.0010487262960608
E12000005 : West Midlands,2016,4775,Retail sale of cosmetic and toilet articles in specialised stores,0.0010418445213071
E12000005 : West Midlands,2017,4775,Retail sale of cosmetic and toilet articles in specialised stores,0.0014323306396745
E12000005 : West Midlands,2018,4775,Retail sale of cosmetic and toilet articles in specialised stores,0.0011548575864209
E12000005 : West Midlands,2019,4775,Retail sale of cosmetic and toilet articles in specialised stores,0.0013738527010648
E12000005 : West Midlands,2020,4775,Retail sale of cosmetic and toilet articles in specialised stores,0.001426373791699
E12000005 : West Midlands,2021,4775,Retail sale of cosmetic and toilet articles in specialised stores,0.001435048153191
E12000005 : West Midlands,2022,4775,Retail sale of cosmetic and toilet articles in specialised stores,0.0016564420681685
E12000005 : West Midlands,2023,4775,Retail sale of cosmetic and toilet articles in specialised stores,0.0018505713227261
E12000005 : West Midlands,2024,4775,Retail sale of cosmetic and toilet articles in specialised stores,0.0022941885529324
E12000005 : West Midlands,2025,4775,Retail sale of cosmetic and toilet articles in specialised stores,0.0022803318355907
E12000005 : West Midlands,2010,5610,Restaurants and mobile food service activities,0.0903209632578412
E12000005 : West Midlands,2011,5610,Restaurants and mobile food service activities,0.0819201662936385
E12000005 : West Midlands,2012,5610,Restaurants and mobile food service activities,0.0813790311252658
E12000005 : West Midlands,2013,5610,Restaurants and mobile food service activities,0.0645880641780316
E12000005 : West Midlands,2014,5610,Restaurants and mobile food service activities,0.0926389766866194
E12000005 : West Midlands,2015,5610,Restaurants and mobile food service activities,0.0900768435434191
E12000005 : West Midlands,2016,5610,Restaurants and mobile food service activities,0.0887993949482675
E12000005 : West Midlands,2017,5610,Restaurants and mobile food service activities,0.0935013528171981
E12000005 : West Midlands,2018,5610,Restaurants and mobile food service activities,0.0873968528072107
E12000005 : West Midlands,2019,5610,Restaurants and mobile food service activities,0.0961967881675246
E12000005 : West Midlands,2020,5610,Restaurants and mobile food service activities,0.0974318013098187
E12000005 : West Midlands,2021,5610,Restaurants and mobile food service activities,0.1010915965474872
E12000005 : West Midlands,2022,5610,Restaurants and mobile food service activities,0.0768321562837856
E12000005 : West Midlands,2023,5610,Restaurants and mobile food service activities,0.0926016303511692
E12000005 : West Midlands,2024,5610,Restaurants and mobile food service activities,0.1183623756292404
E12000005 : West Midlands,2025,5610,Restaurants and mobile food service activities,0.1155940405797731
E12000005 : West Midlands,2010,7911,Travel agency activities,0.0178695529721743
E12000005 : West Midlands,2011,7911,Travel agency activities,0.016207497111103
E12000005 : West Midlands,2012,7911,Travel agency activities,0.0168577585747653
E12000005 : West Midlands,2013,7911,Travel agency activities,0.0153781433816515
E12000005 : West Midlands,2014,7911,Travel agency activities,0.0176952650010332
E12000005 : West Midlands,2015,7911,Travel agency activities,0.0172536745209548
E12000005 : West Midlands,2016,7911,Travel agency activities,0.0153513460871562
E12000005 : West Midlands,2017,7911,Travel agency activities,0.0161696123966626
E12000005 : West Midlands,2018,7911,Travel agency activities,0.0155069507528216
E12000005 : West Midlands,2019,7911,Travel agency activities,0.0157113474631764
E12000005 : West Midlands,2020,7911,Travel agency activities,0.0161495550365421
E12000005 : West Midlands,2021,7911,Travel agency activities,0.0144925857628934
E12000005 : West Midlands,2022,7911,Travel agency activities,0.008794718546132
E12000005 : West Midlands,2023,7911,Travel agency activities,0.0070543207860609
E12000005 : West Midlands,2024,7911,Travel agency activities,0.0152052967118806
E12000005 : West Midlands,2025,7911,Travel agency activities,0.0163040087119537
E12000005 : West Midlands,2010,7912,Tour operator activities,0.0062149602909425
E12000005 : West Midlands,2011,7912,Tour operator activities,0.0056369037948471
E12000005 : West Midlands,2012,7912,Tour operator activities,0.0052434494539726
E12000005 : West Midlands,2013,7912,Tour operator activities,0.0049821568304039
E12000005 : West Midlands,2014,7912,Tour operator activities,0.0040564168124162
E12000005 : West Midlands,2015,7912,Tour operator activities,0.0039028400563031
E12000005 : West Midlands,2016,7912,Tour operator activities,0.0043364407888021
E12000005 : West Midlands,2017,7912,Tour operator activities,0.0037431584418662
E12000005 : West Midlands,2018,7912,Tour operator activities,0.0034498680293741
E12000005 : West Midlands,2019,7912,Tour operator activities,0.0041974744617791
E12000005 : West Midlands,2020,7912,Tour operator activities,0.0040839840920311
E12000005 : West Midlands,2021,7912,Tour operator activities,0.0038114778232577
E12000005 : West Midlands,2022,7912,Tour operator activities,0.0019597907112642
E12000005 : West Midlands,2023,7912,Tour operator activities,0.0021241108576589
E12000005 : West Midlands,2024,7912,Tour operator activities,0.0081671530662334
E12000005 : West Midlands,2025,7912,Tour operator activities,0.0092038235112737
E12000005 : West Midlands,2010,9313,Fitness facilities,0.0014820179818817
E12000005 : West Midlands,2011,9313,Fitness facilities,0.001344174764604
E12000005 : West Midlands,2012,9313,Fitness facilities,0.0011898672200765
E12000005 : West Midlands,2013,9313,Fitness facilities,0.0009762304353394
E12000005 : West Midlands,2014,9313,Fitness facilities,0.0022291770649818
E12000005 : West Midlands,2015,9313,Fitness facilities,0.0009876884340876
E12000005 : West Midlands,2016,9313,Fitness facilities,0.0010976004879368
E12000005 : West Midlands,2017,9313,Fitness facilities,0.0012949998448613
E12000005 : West Midlands,2018,9313,Fitness facilities,0.0012552649420382
E12000005 : West Midlands,2019,9313,Fitness facilities,0.0011586807163146
E12000005 : West Midlands,2020,9313,Fitness facilities,0.0013463333281361
E12000005 : West Midlands,2021,9313,Fitness facilities,0.0013416024252203
E12000005 : West Midlands,2022,9313,Fitness facilities,0.0011130458246025
E12000005 : West Midlands,2023,9313,Fitness facilities,0.0012400088643471
E12000005 : West Midlands,2024,9313,Fitness facilities,0.0017333490400976
E12000005 : West Midlands,2025,9313,Fitness facilities,0.0017859426808108
E12000006 : East of England,2010,4764,Retail sale of sporting equipment in specialised stores,0.0033090476258306
E12000006 : East of England,2011,4764,Retail sale of sporting equipment in specialised stores,0.003184165575873
E12000006 : East of England,2012,4764,Retail sale of sporting equipment in specialised stores,0.0037226204570833
E12000006 : East of England,2013,4764,Retail sale of sporting equipment in specialised stores,0.0039510752897235
E12000006 : East of England,2014,4764,Retail sale of sporting equipment in specialised stores,0.0037082232979661
E12000006 : East of England,2015,4764,Retail sale of sporting equipment in specialised stores,0.0037095432805901
E12000006 : East of England,2016,4764,Retail sale of sporting equipment in specialised stores,0.0035838103737483
E12000006 : East of England,2017,4764,Retail sale of sporting equipment in specialised stores,0.0035865597664062
E12000006 : East of England,2018,4764,Retail sale of sporting equipment in specialised stores,0.0042670474297923
E12000006 : East of England,2019,4764,Retail sale of sporting equipment in specialised stores,0.0044412387620136
E12000006 : East of England,2020,4764,Retail sale of sporting equipment in specialised stores,0.0044500124733835
E12000006 : East of England,2021,4764,Retail sale of sporting equipment in specialised stores,0.0048157064118929
E12000006 : East of England,2022,4764,Retail sale of sporting equipment in specialised stores,0.0060871694605417
E12000006 : East of England,2023,4764,Retail sale of sporting equipment in specialised stores,0.0068505939682053
E12000006 : East of England,2024,4764,Retail sale of sporting equipment in specialised stores,0.0063334090058298
E12000006 : East of England,2025,4764,Retail sale of sporting equipment in specialised stores,0.0056642995386098
E12000006 : East of England,2010,4771,Retail sale of clothing in specialised stores,0.0240961413406937
E12000006 : East of England,2011,4771,Retail sale of clothing in specialised stores,0.0231867632153372
E12000006 : East of England,2012,4771,Retail sale of clothing in specialised stores,0.0300560375146016
E12000006 : East of England,2013,4771,Retail sale of clothing in specialised stores,0.0305466608637215
E12000006 : East of England,2014,4771,Retail sale of clothing in specialised stores,0.034719287933416
E12000006 : East of England,2015,4771,Retail sale of clothing in specialised stores,0.0340116864312831
E12000006 : East of England,2016,4771,Retail sale of clothing in specialised stores,0.0388405641140113
E12000006 : East of England,2017,4771,Retail sale of clothing in specialised stores,0.0436900307322197
E12000006 : East of England,2018,4771,Retail sale of clothing in specialised stores,0.0471289277979821
E12000006 : East of England,2019,4771,Retail sale of clothing in specialised stores,0.0506768750087211
E12000006 : East of England,2020,4771,Retail sale of clothing in specialised stores,0.0484776251548652
E12000006 : East of England,2021,4771,Retail sale of clothing in specialised stores,0.0562363489552569
E12000006 : East of England,2022,4771,Retail sale of clothing in specialised stores,0.0435363691652888
E12000006 : East of England,2023,4771,Retail sale of clothing in specialised stores,0.0680197071171097
E12000006 : East of England,2024,4771,Retail sale of clothing in specialised stores,0.0666906822201045
E12000006 : East of England,2025,4771,Retail sale of clothing in specialised stores,0.0633190777643765
E12000006 : East of England,2010,4773,Dispensing chemist in specialised stores,0.0057616651475335
E12000006 : East of England,2011,4773,Dispensing chemist in specialised stores,0.0055442223554817
E12000006 : East of England,2012,4773,Dispensing chemist in specialised stores,0.00704555801672
E12000006 : East of England,2013,4773,Dispensing chemist in specialised stores,0.0075109409694906
E12000006 : East of England,2014,4773,Dispensing chemist in specialised stores,0.0074979494281519
E12000006 : East of England,2015,4773,Dispensing chemist in specialised stores,0.0067286263030378
E12000006 : East of England,2016,4773,Dispensing chemist in specialised stores,0.0063286534388035
E12000006 : East of England,2017,4773,Dispensing chemist in specialised stores,0.006418499115361
E12000006 : East of England,2018,4773,Dispensing chemist in specialised stores,0.0064158607479104
E12000006 : East of England,2019,4773,Dispensing chemist in specialised stores,0.0062611400015267
E12000006 : East of England,2020,4773,Dispensing chemist in specialised stores,0.0063132704017806
E12000006 : East of England,2021,4773,Dispensing chemist in specialised stores,0.0069726451303597
E12000006 : East of England,2022,4773,Dispensing chemist in specialised stores,0.0088901433681113
E12000006 : East of England,2023,4773,Dispensing chemist in specialised stores,0.0088668155452062
E12000006 : East of England,2024,4773,Dispensing chemist in specialised stores,0.0084663012388859
E12000006 : East of England,2025,4773,Dispensing chemist in specialised stores,0.0092222103247337
E12000006 : East of England,2010,4774,Retail sale of medical and orthopaedic goods in specialised stores,0.0005057735481327
E12000006 : East of England,2011,4774,Retail sale of medical and orthopaedic goods in specialised stores,0.0004866858695475
E12000006 : East of England,2012,4774,Retail sale of medical and orthopaedic goods in specialised stores,0.0006586285978491
E12000006 : East of England,2013,4774,Retail sale of medical and orthopaedic goods in specialised stores,0.0007870618252954
E12000006 : East of England,2014,4774,Retail sale of medical and orthopaedic goods in specialised stores,0.0007359997624698
E12000006 : East of England,2015,4774,Retail sale of medical and orthopaedic goods in specialised stores,0.0008652870304929
E12000006 : East of England,2016,4774,Retail sale of medical and orthopaedic goods in specialised stores,0.0008236287582779
E12000006 : East of England,2017,4774,Retail sale of medical and orthopaedic goods in specialised stores,0.0009691639795215
E12000006 : East of England,2018,4774,Retail sale of medical and orthopaedic goods in specialised stores,0.000994188247597
E12000006 : East of England,2019,4774,Retail sale of medical and orthopaedic goods in specialised stores,0.000866550015144
E12000006 : East of England,2020,4774,Retail sale of medical and orthopaedic goods in specialised stores,0.0010895937581727
E12000006 : East of England,2021,4774,Retail sale of medical and orthopaedic goods in specialised stores,0.0014018505105446
E12000006 : East of England,2022,4774,Retail sale of medical and orthopaedic goods in specialised stores,0.0014060771367319
E12000006 : East of England,2023,4774,Retail sale of medical and orthopaedic goods in specialised stores,0.001707110384124
E12000006 : East of England,2024,4774,Retail sale of medical and orthopaedic goods in specialised stores,0.0010709288965984
E12000006 : East of England,2025,4774,Retail sale of medical and orthopaedic goods in specialised stores,0.0011810511355106
E12000006 : East of England,2010,4775,Retail sale of cosmetic and toilet articles in specialised stores,0.0010726851191686
E12000006 : East of England,2011,4775,Retail sale of cosmetic and toilet articles in specialised stores,0.0010322024390176
E12000006 : East of England,2012,4775,Retail sale of cosmetic and toilet articles in specialised stores,0.0011695823545722
E12000006 : East of England,2013,4775,Retail sale of cosmetic and toilet articles in specialised stores,0.0013162876805069
E12000006 : East of England,2014,4775,Retail sale of cosmetic and toilet articles in specialised stores,0.0014992906023708
E12000006 : East of England,2015,4775,Retail sale of cosmetic and toilet articles in specialised stores,0.0017614652168495
E12000006 : East of England,2016,4775,Retail sale of cosmetic and toilet articles in specialised stores,0.0016559953503903
E12000006 : East of England,2017,4775,Retail sale of cosmetic and toilet articles in specialised stores,0.0017914346274735
E12000006 : East of England,2018,4775,Retail sale of cosmetic and toilet articles in specialised stores,0.0018093737255007
E12000006 : East of England,2019,4775,Retail sale of cosmetic and toilet articles in specialised stores,0.001611170494812
E12000006 : East of England,2020,4775,Retail sale of cosmetic and toilet articles in specialised stores,0.0013934371371499
E12000006 : East of England,2021,4775,Retail sale of cosmetic and toilet articles in specialised stores,0.0027744818850642
E12000006 : East of England,2022,4775,Retail sale of cosmetic and toilet articles in specialised stores,0.0029372419987067
E12000006 : East of England,2023,4775,Retail sale of cosmetic and toilet articles in specialised stores,0.0030026983651477
E12000006 : East of England,2024,4775,Retail sale of cosmetic and toilet articles in specialised stores,0.0014870418012837
E12000006 : East of England,2025,4775,Retail sale of cosmetic and toilet articles in specialised stores,0.0018484993844009
E12000006 : East of England,2010,5610,Restaurants and mobile food service activities,0.050345247308791
E12000006 : East of England,2011,5610,Restaurants and mobile food service activities,0.0484452390887628
E12000006 : East of England,2012,5610,Restaurants and mobile food service activities,0.0618418311143191
E12000006 : East of England,2013,5610,Restaurants and mobile food service activities,0.0680815022149901
E12000006 : East of England,2014,5610,Restaurants and mobile food service activities,0.0682227598488749
E12000006 : East of England,2015,5610,Restaurants and mobile food service activities,0.066742983196899
E12000006 : East of England,2016,5610,Restaurants and mobile food service activities,0.066626483451875
E12000006 : East of England,2017,5610,Restaurants and mobile food service activities,0.0715275449485774
E12000006 : East of England,2018,5610,Restaurants and mobile food service activities,0.0761023228612682
E12000006 : East of England,2019,5610,Restaurants and mobile food service activities,0.0537017842881192
E12000006 : East of England,2020,5610,Restaurants and mobile food service activities,0.0510479385410891
E12000006 : East of England,2021,5610,Restaurants and mobile food service activities,0.059638354205643
E12000006 : East of England,2022,5610,Restaurants and mobile food service activities,0.0538806573393497
E12000006 : East of England,2023,5610,Restaurants and mobile food service activities,0.0478196878931145
E12000006 : East of England,2024,5610,Restaurants and mobile food service activities,0.0575061326610034
E12000006 : East of England,2025,5610,Restaurants and mobile food service activities,0.0564666875770074
E12000006 : East of England,2010,7911,Travel agency activities,0.0570485656458225
E12000006 : East of England,2011,7911,Travel agency activities,0.0548955770428853
E12000006 : East of England,2012,7911,Travel agency activities,0.0741674733853696
E12000006 : East of England,2013,7911,Travel agency activities,0.0766173528499739
E12000006 : East of England,2014,7911,Travel agency activities,0.0671333836000804
E12000006 : East of England,2015,7911,Travel agency activities,0.0429002491256042
E12000006 : East of England,2016,7911,Travel agency activities,0.0414571395656731
E12000006 : East of England,2017,7911,Travel agency activities,0.0312965112483908
E12000006 : East of England,2018,7911,Travel agency activities,0.0397231302482684
E12000006 : East of England,2019,7911,Travel agency activities,0.0393770197184439
E12000006 : East of England,2020,7911,Travel agency activities,0.009744946371301
E12000006 : East of England,2021,7911,Travel agency activities,0.0104704709768005
E12000006 : East of England,2022,7911,Travel agency activities,0.004514532260707
E12000006 : East of England,2023,7911,Travel agency activities,0.006488897021878
E12000006 : East of England,2024,7911,Travel agency activities,0.0159220689745233
E12000006 : East of England,2025,7911,Travel agency activities,0.0172514407387792
E12000006 : East of England,2010,7912,Tour operator activities,0.0033906075352983
E12000006 : East of England,2011,7912,Tour operator activities,0.0032626474490474
E12000006 : East of England,2012,7912,Tour operator activities,0.0036309838765421
E12000006 : East of England,2013,7912,Tour operator activities,0.0038873407305927
E12000006 : East of England,2014,7912,Tour operator activities,0.0039428939686674
E12000006 : East of England,2015,7912,Tour operator activities,0.0043785703439199
E12000006 : East of England,2016,7912,Tour operator activities,0.004419450272034
E12000006 : East of England,2017,7912,Tour operator activities,0.0054614356232257
E12000006 : East of England,2018,7912,Tour operator activities,0.0054571532207152
E12000006 : East of England,2019,7912,Tour operator activities,0.0060091882055419
E12000006 : East of England,2020,7912,Tour operator activities,0.0066428397903395
E12000006 : East of England,2021,7912,Tour operator activities,0.0080400053393395
E12000006 : East of England,2022,7912,Tour operator activities,0.0015651475862589
E12000006 : East of England,2023,7912,Tour operator activities,0.0021873179360154
E12000006 : East of England,2024,7912,Tour operator activities,0.0099907765644694
E12000006 : East of England,2025,7912,Tour operator activities,0.0176544976691659
E12000006 : East of England,2010,9313,Fitness facilities,0.0008428750769203
E12000006 : East of England,2011,9313,Fitness facilities,0.0008110653300184
E12000006 : East of England,2012,9313,Fitness facilities,0.0051573252532407
E12000006 : East of England,2013,9313,Fitness facilities,0.005292881720623
E12000006 : East of England,2014,9313,Fitness facilities,0.0052832236754037
E12000006 : East of England,2015,9313,Fitness facilities,0.0052053852989993
E12000006 : East of England,2016,9313,Fitness facilities,0.0050229289010711
E12000006 : East of England,2017,9313,Fitness facilities,0.0050952929844913
E12000006 : East of England,2018,9313,Fitness facilities,0.0054017934158522
E12000006 : East of England,2019,9313,Fitness facilities,0.005840318299829
E12000006 : East of England,2020,9313,Fitness facilities,0.0065939689352378
E12000006 : East of England,2021,9313,Fitness facilities,0.0081321518327846
E12000006 : East of England,2022,9313,Fitness facilities,0.0071249420550535
E12000006 : East of England,2023,9313,Fitness facilities,0.0060329856854096
E12000006 : East of England,2024,9313,Fitness facilities,0.0090816238723579
E12000006 : East of England,2025,9313,Fitness facilities,0.0099173302602487
E12000007 : London,2010,4764,Retail sale of sporting equipment in specialised stores,0.0088942021818473
E12000007 : London,2011,4764,Retail sale of sporting equipment in specialised stores,0.0090069392223565
E12000007 : London,2012,4764,Retail sale of sporting equipment in specialised stores,0.0079105472157458
E12000007 : London,2013,4764,Retail sale of sporting equipment in specialised stores,0.0081395336861335
E12000007 : London,2014,4764,Retail sale of sporting equipment in specialised stores,0.00886554592329
E12000007 : London,2015,4764,Retail sale of sporting equipment in specialised stores,0.0092917106016769
E12000007 : London,2016,4764,Retail sale of sporting equipment in specialised stores,0.0097409700208007
E12000007 : London,2017,4764,Retail sale of sporting equipment in specialised stores,0.0103599824473833
E12000007 : London,2018,4764,Retail sale of sporting equipment in specialised stores,0.0111426398986536
E12000007 : London,2019,4764,Retail sale of sporting equipment in specialised stores,0.01142180346226
E12000007 : London,2020,4764,Retail sale of sporting equipment in specialised stores,0.0123252202675131
E12000007 : London,2021,4764,Retail sale of sporting equipment in specialised stores,0.0133151148409939
E12000007 : London,2022,4764,Retail sale of sporting equipment in specialised stores,0.0119965740497015
E12000007 : London,2023,4764,Retail sale of sporting equipment in specialised stores,0.0153008810072775
E12000007 : London,2024,4764,Retail sale of sporting equipment in specialised stores,0.0198042287046509
E12000007 : London,2025,4764,Retail sale of sporting equipment in specialised stores,0.0153918463351584
E12000007 : London,2010,4771,Retail sale of clothing in specialised stores,0.1893726871576727
E12000007 : London,2011,4771,Retail sale of clothing in specialised stores,0.1917730504355612
E12000007 : London,2012,4771,Retail sale of clothing in specialised stores,0.1907338964187003
E12000007 : London,2013,4771,Retail sale of clothing in specialised stores,0.1892554045113158
E12000007 : London,2014,4771,Retail sale of clothing in specialised stores,0.1898370091974429
E12000007 : London,2015,4771,Retail sale of clothing in specialised stores,0.187776848053129
E12000007 : London,2016,4771,Retail sale of clothing in specialised stores,0.1862935680313826
E12000007 : London,2017,4771,Retail sale of clothing in specialised stores,0.1938594988496816
E12000007 : London,2018,4771,Retail sale of clothing in specialised stores,0.1920094051102171
E12000007 : London,2019,4771,Retail sale of clothing in specialised stores,0.1862633391708109
E12000007 : London,2020,4771,Retail sale of clothing in specialised stores,0.1803939288659353
E12000007 : London,2021,4771,Retail sale of clothing in specialised stores,0.1770939397584632
E12000007 : London,2022,4771,Retail sale of clothing in specialised stores,0.1391613336792819
E12000007 : London,2023,4771,Retail sale of clothing in specialised stores,0.1601993642484414
E12000007 : London,2024,4771,Retail sale of clothing in specialised stores,0.2007553444681896
E12000007 : London,2025,4771,Retail sale of clothing in specialised stores,0.2091603015681989
E12000007 : London,2010,4773,Dispensing chemist in specialised stores,0.0177066316541646
E12000007 : London,2011,4773,Dispensing chemist in specialised stores,0.0179310692382518
E12000007 : London,2012,4773,Dispensing chemist in specialised stores,0.0169349273316956
E12000007 : London,2013,4773,Dispensing chemist in specialised stores,0.0172004833639807
E12000007 : London,2014,4773,Dispensing chemist in specialised stores,0.0167139655688037
E12000007 : London,2015,4773,Dispensing chemist in specialised stores,0.0163898635545887
E12000007 : London,2016,4773,Dispensing chemist in specialised stores,0.0164038793188372
E12000007 : London,2017,4773,Dispensing chemist in specialised stores,0.0163927703035831
E12000007 : London,2018,4773,Dispensing chemist in specialised stores,0.0157432555270426
E12000007 : London,2019,4773,Dispensing chemist in specialised stores,0.0164364663225801
E12000007 : London,2020,4773,Dispensing chemist in specialised stores,0.0163101120598537
E12000007 : London,2021,4773,Dispensing chemist in specialised stores,0.0169920362751334
E12000007 : London,2022,4773,Dispensing chemist in specialised stores,0.0179756139670528
E12000007 : London,2023,4773,Dispensing chemist in specialised stores,0.0166701967860113
E12000007 : London,2024,4773,Dispensing chemist in specialised stores,0.0166397868331655
E12000007 : London,2025,4773,Dispensing chemist in specialised stores,0.0164747019421743
E12000007 : London,2010,4774,Retail sale of medical and orthopaedic goods in specialised stores,0.000538533163388
E12000007 : London,2011,4774,Retail sale of medical and orthopaedic goods in specialised stores,0.0005453592545668
E12000007 : London,2012,4774,Retail sale of medical and orthopaedic goods in specialised stores,0.0003720624208025
E12000007 : London,2013,4774,Retail sale of medical and orthopaedic goods in specialised stores,0.0004111176935558
E12000007 : London,2014,4774,Retail sale of medical and orthopaedic goods in specialised stores,0.0003218283888908
E12000007 : London,2015,4774,Retail sale of medical and orthopaedic goods in specialised stores,0.0005372449440222
E12000007 : London,2016,4774,Retail sale of medical and orthopaedic goods in specialised stores,0.0003912378907371
E12000007 : London,2017,4774,Retail sale of medical and orthopaedic goods in specialised stores,0.0004432554053578
E12000007 : London,2018,4774,Retail sale of medical and orthopaedic goods in specialised stores,0.0004404018059441
E12000007 : London,2019,4774,Retail sale of medical and orthopaedic goods in specialised stores,0.0007072410266761
E12000007 : London,2020,4774,Retail sale of medical and orthopaedic goods in specialised stores,0.0007250479264124
E12000007 : London,2021,4774,Retail sale of medical and orthopaedic goods in specialised stores,0.0008106075097379
E12000007 : London,2022,4774,Retail sale of medical and orthopaedic goods in specialised stores,0.0011432172217753
E12000007 : London,2023,4774,Retail sale of medical and orthopaedic goods in specialised stores,0.0008542832183482
E12000007 : London,2024,4774,Retail sale of medical and orthopaedic goods in specialised stores,0.0009658731166417
E12000007 : London,2025,4774,Retail sale of medical and orthopaedic goods in specialised stores,0.0008627667982978
E12000007 : London,2010,4775,Retail sale of cosmetic and toilet articles in specialised stores,0.0217591653493311
E12000007 : London,2011,4775,Retail sale of cosmetic and toilet articles in specialised stores,0.022034970177609
E12000007 : London,2012,4775,Retail sale of cosmetic and toilet articles in specialised stores,0.0210003253167422
E12000007 : London,2013,4775,Retail sale of cosmetic and toilet articles in specialised stores,0.0230834392883591
E12000007 : London,2014,4775,Retail sale of cosmetic and toilet articles in specialised stores,0.0228611484634062
E12000007 : London,2015,4775,Retail sale of cosmetic and toilet articles in specialised stores,0.0231055184307493
E12000007 : London,2016,4775,Retail sale of cosmetic and toilet articles in specialised stores,0.023194734543738
E12000007 : London,2017,4775,Retail sale of cosmetic and toilet articles in specialised stores,0.0257570266975502
E12000007 : London,2018,4775,Retail sale of cosmetic and toilet articles in specialised stores,0.0316171783769882
E12000007 : London,2019,4775,Retail sale of cosmetic and toilet articles in specialised stores,0.0317371310027594
E12000007 : London,2020,4775,Retail sale of cosmetic and toilet articles in specialised stores,0.0304408366571632
E12000007 : London,2021,4775,Retail sale of cosmetic and toilet articles in specialised stores,0.032649301764449
E12000007 : London,2022,4775,Retail sale of cosmetic and toilet articles in specialised stores,0.0292548108711286
E12000007 : London,2023,4775,Retail sale of cosmetic and toilet articles in specialised stores,0.0281693087468105
E12000007 : London,2024,4775,Retail sale of cosmetic and toilet articles in specialised stores,0.0278477287203356
E12000007 : London,2025,4775,Retail sale of cosmetic and toilet articles in specialised stores,0.0356086988715468
E12000007 : London,2010,5610,Restaurants and mobile food service activities,0.1066509945874449
E12000007 : London,2011,5610,Restaurants and mobile food service activities,0.1080028322510507
E12000007 : London,2012,5610,Restaurants and mobile food service activities,0.1115075588689361
E12000007 : London,2013,5610,Restaurants and mobile food service activities,0.1168111231344016
E12000007 : London,2014,5610,Restaurants and mobile food service activities,0.1176548294708929
E12000007 : London,2015,5610,Restaurants and mobile food service activities,0.127790920031556
E12000007 : London,2016,5610,Restaurants and mobile food service activities,0.136225723800766
E12000007 : London,2017,5610,Restaurants and mobile food service activities,0.1444849998886816
E12000007 : London,2018,5610,Restaurants and mobile food service activities,0.1479538866828459
E12000007 : London,2019,5610,Restaurants and mobile food service activities,0.1480712296453632
E12000007 : London,2020,5610,Restaurants and mobile food service activities,0.1489821941724917
E12000007 : London,2021,5610,Restaurants and mobile food service activities,0.1556164652399945
E12000007 : London,2022,5610,Restaurants and mobile food service activities,0.1000868227439289
E12000007 : London,2023,5610,Restaurants and mobile food service activities,0.1170120128177432
E12000007 : London,2024,5610,Restaurants and mobile food service activities,0.1315397829478051
E12000007 : London,2025,5610,Restaurants and mobile food service activities,0.1478670729351715
E12000007 : London,2010,7911,Travel agency activities,0.0506680953181183
E12000007 : London,2011,7911,Travel agency activities,0.0513103306752208
E12000007 : London,2012,7911,Travel agency activities,0.0547381039201326
E12000007 : London,2013,7911,Travel agency activities,0.0552814909044412
E12000007 : London,2014,7911,Travel agency activities,0.0567683149295123
E12000007 : London,2015,7911,Travel agency activities,0.0647796754246874
E12000007 : London,2016,7911,Travel agency activities,0.0747165599092361
E12000007 : London,2017,7911,Travel agency activities,0.0804510047802328
E12000007 : London,2018,7911,Travel agency activities,0.076961462297572
E12000007 : London,2019,7911,Travel agency activities,0.0724685928063443
E12000007 : London,2020,7911,Travel agency activities,0.0798010195430853
E12000007 : London,2021,7911,Travel agency activities,0.0886895072688088
E12000007 : London,2022,7911,Travel agency activities,0.0303561373295228
E12000007 : London,2023,7911,Travel agency activities,0.0334720115658796
E12000007 : London,2024,7911,Travel agency activities,0.0573214252250402
E12000007 : London,2025,7911,Travel agency activities,0.0637568635826231
E12000007 : London,2010,7912,Tour operator activities,0.0314616406164127
E12000007 : London,2011,7912,Tour operator activities,0.0318604276217155
E12000007 : London,2012,7912,Tour operator activities,0.0295526863077564
E12000007 : London,2013,7912,Tour operator activities,0.0314393401158518
E12000007 : London,2014,7912,Tour operator activities,0.046955597639133
E12000007 : London,2015,7912,Tour operator activities,0.0526693533476411
E12000007 : London,2016,7912,Tour operator activities,0.0514288608313117
E12000007 : London,2017,7912,Tour operator activities,0.0460595794747913
E12000007 : London,2018,7912,Tour operator activities,0.0332626810607469
E12000007 : London,2019,7912,Tour operator activities,0.047018828400087
E12000007 : London,2020,7912,Tour operator activities,0.0484976268161421
E12000007 : London,2021,7912,Tour operator activities,0.0456625249249849
E12000007 : London,2022,7912,Tour operator activities,0.0147850096350497
E12000007 : London,2023,7912,Tour operator activities,0.0095486188852008
E12000007 : London,2024,7912,Tour operator activities,0.0163751715705284
E12000007 : London,2025,7912,Tour operator activities,0.0271234101533551
E12000007 : London,2010,9313,Fitness facilities,0.0031827903550368
E12000007 : London,2011,9313,Fitness facilities,0.0032231333063046
E12000007 : London,2012,9313,Fitness facilities,0.0015608201534185
E12000007 : London,2013,9313,Fitness facilities,0.00138174516454
E12000007 : London,2014,9313,Fitness facilities,0.0019455922857308
E12000007 : London,2015,9313,Fitness facilities,0.0013832937660456
E12000007 : London,2016,9313,Fitness facilities,0.0068019189620078
E12000007 : London,2017,9313,Fitness facilities,0.0138662038710589
E12000007 : London,2018,9313,Fitness facilities,0.005720481394612
E12000007 : London,2019,9313,Fitness facilities,0.0053818698336024
E12000007 : London,2020,9313,Fitness facilities,0.0050495807172298
E12000007 : London,2021,9313,Fitness facilities,0.0050540266235102
E12000007 : London,2022,9313,Fitness facilities,0.0039632581252752
E12000007 : London,2023,9313,Fitness facilities,0.0041878857096295
E12000007 : London,2024,9313,Fitness facilities,0.0042131383593798
E12000007 : London,2025,9313,Fitness facilities,0.0046246373386278
E12000008 : South East,2010,4764,Retail sale of sporting equipment in specialised stores,0.0156526845966321
E12000008 : South East,2011,4764,Retail sale of sporting equipment in specialised stores,0.015003259983617
E12000008 : South East,2012,4764,Retail sale of sporting equipment in specialised stores,0.0163685278220398
E12000008 : South East,2013,4764,Retail sale of sporting equipment in specialised stores,0.0171950441370116
E12000008 : South East,2014,4764,Retail sale of sporting equipment in specialised stores,0.0194803481034965
E12000008 : South East,2015,4764,Retail sale of sporting equipment in specialised stores,0.0187807445801041
E12000008 : South East,2016,4764,Retail sale of sporting equipment in specialised stores,0.0175959624796141
E12000008 : South East,2017,4764,Retail sale of sporting equipment in specialised stores,0.0174650639119021
E12000008 : South East,2018,4764,Retail sale of sporting equipment in specialised stores,0.0171167741736466
E12000008 : South East,2019,4764,Retail sale of sporting equipment in specialised stores,0.0105314416979161
E12000008 : South East,2020,4764,Retail sale of sporting equipment in specialised stores,0.0093683753313679
E12000008 : South East,2021,4764,Retail sale of sporting equipment in specialised stores,0.0077163312701127
E12000008 : South East,2022,4764,Retail sale of sporting equipment in specialised stores,0.0092108918632208
E12000008 : South East,2023,4764,Retail sale of sporting equipment in specialised stores,0.0098800477395628
E12000008 : South East,2024,4764,Retail sale of sporting equipment in specialised stores,0.0093583360299336
E12000008 : South East,2025,4764,Retail sale of sporting equipment in specialised stores,0.0089301892393644
E12000008 : South East,2010,4771,Retail sale of clothing in specialised stores,0.0389026748622653
E12000008 : South East,2011,4771,Retail sale of clothing in specialised stores,0.0372886159823519
E12000008 : South East,2012,4771,Retail sale of clothing in specialised stores,0.0498684122196129
E12000008 : South East,2013,4771,Retail sale of clothing in specialised stores,0.0493437362833872
E12000008 : South East,2014,4771,Retail sale of clothing in specialised stores,0.0529096988005049
E12000008 : South East,2015,4771,Retail sale of clothing in specialised stores,0.0529742030990498
E12000008 : South East,2016,4771,Retail sale of clothing in specialised stores,0.0499282630161511
E12000008 : South East,2017,4771,Retail sale of clothing in specialised stores,0.0548649699089173
E12000008 : South East,2018,4771,Retail sale of clothing in specialised stores,0.0491698635434557
E12000008 : South East,2019,4771,Retail sale of clothing in specialised stores,0.1128475751681122
E12000008 : South East,2020,4771,Retail sale of clothing in specialised stores,0.1069199928227452
E12000008 : South East,2021,4771,Retail sale of clothing in specialised stores,0.0798947277580282
E12000008 : South East,2022,4771,Retail sale of clothing in specialised stores,0.0718395378664922
E12000008 : South East,2023,4771,Retail sale of clothing in specialised stores,0.0879960904515477
E12000008 : South East,2024,4771,Retail sale of clothing in specialised stores,0.0244950842562957
E12000008 : South East,2025,4771,Retail sale of clothing in specialised stores,0.0260565777328149
E12000008 : South East,2010,4773,Dispensing chemist in specialised stores,0.0255002499048441
E12000008 : South East,2011,4773,Dispensing chemist in specialised stores,0.0244422531232694
E12000008 : South East,2012,4773,Dispensing chemist in specialised stores,0.0269362813861846
E12000008 : South East,2013,4773,Dispensing chemist in specialised stores,0.0305100286582859
E12000008 : South East,2014,4773,Dispensing chemist in specialised stores,0.0286731374359366
E12000008 : South East,2015,4773,Dispensing chemist in specialised stores,0.0280052770767823
E12000008 : South East,2016,4773,Dispensing chemist in specialised stores,0.0286369087853842
E12000008 : South East,2017,4773,Dispensing chemist in specialised stores,0.0278946137219454
E12000008 : South East,2018,4773,Dispensing chemist in specialised stores,0.028413273826189
E12000008 : South East,2019,4773,Dispensing chemist in specialised stores,0.0215356733630978
E12000008 : South East,2020,4773,Dispensing chemist in specialised stores,0.0187609198267253
E12000008 : South East,2021,4773,Dispensing chemist in specialised stores,0.0154174159075375
E12000008 : South East,2022,4773,Dispensing chemist in specialised stores,0.0173716562304325
E12000008 : South East,2023,4773,Dispensing chemist in specialised stores,0.0185593674608103
E12000008 : South East,2024,4773,Dispensing chemist in specialised stores,0.02078864681425
E12000008 : South East,2025,4773,Dispensing chemist in specialised stores,0.0211703916502682
E12000008 : South East,2010,4774,Retail sale of medical and orthopaedic goods in specialised stores,0.0053991988518726
E12000008 : South East,2011,4774,Retail sale of medical and orthopaedic goods in specialised stores,0.0051751879096395
E12000008 : South East,2012,4774,Retail sale of medical and orthopaedic goods in specialised stores,0.004212583326865
E12000008 : South East,2013,4774,Retail sale of medical and orthopaedic goods in specialised stores,0.0043187009250077
E12000008 : South East,2014,4774,Retail sale of medical and orthopaedic goods in specialised stores,0.0042362413933018
E12000008 : South East,2015,4774,Retail sale of medical and orthopaedic goods in specialised stores,0.004590041198004
E12000008 : South East,2016,4774,Retail sale of medical and orthopaedic goods in specialised stores,0.0061324298055722
E12000008 : South East,2017,4774,Retail sale of medical and orthopaedic goods in specialised stores,0.0057539721739875
E12000008 : South East,2018,4774,Retail sale of medical and orthopaedic goods in specialised stores,0.006774463102082
E12000008 : South East,2019,4774,Retail sale of medical and orthopaedic goods in specialised stores,0.0056826101316008
E12000008 : South East,2020,4774,Retail sale of medical and orthopaedic goods in specialised stores,0.0064167975479742
E12000008 : South East,2021,4774,Retail sale of medical and orthopaedic goods in specialised stores,0.0046254689974988
E12000008 : South East,2022,4774,Retail sale of medical and orthopaedic goods in specialised stores,0.0043626492790068
E12000008 : South East,2023,4774,Retail sale of medical and orthopaedic goods in specialised stores,0.0061214507224679
E12000008 : South East,2024,4774,Retail sale of medical and orthopaedic goods in specialised stores,0.007260120408868
E12000008 : South East,2025,4774,Retail sale of medical and orthopaedic goods in specialised stores,0.006918775017636
E12000008 : South East,2010,4775,Retail sale of cosmetic and toilet articles in specialised stores,0.019577255318144
E12000008 : South East,2011,4775,Retail sale of cosmetic and toilet articles in specialised stores,0.0187650015874569
E12000008 : South East,2012,4775,Retail sale of cosmetic and toilet articles in specialised stores,0.0218776111341246
E12000008 : South East,2013,4775,Retail sale of cosmetic and toilet articles in specialised stores,0.0246306820161127
E12000008 : South East,2014,4775,Retail sale of cosmetic and toilet articles in specialised stores,0.027813595133675
E12000008 : South East,2015,4775,Retail sale of cosmetic and toilet articles in specialised stores,0.0263144595967644
E12000008 : South East,2016,4775,Retail sale of cosmetic and toilet articles in specialised stores,0.0268249845813549
E12000008 : South East,2017,4775,Retail sale of cosmetic and toilet articles in specialised stores,0.025742373713166
E12000008 : South East,2018,4775,Retail sale of cosmetic and toilet articles in specialised stores,0.0238324584728867
E12000008 : South East,2019,4775,Retail sale of cosmetic and toilet articles in specialised stores,0.0216867312318385
E12000008 : South East,2020,4775,Retail sale of cosmetic and toilet articles in specialised stores,0.015901420048626
E12000008 : South East,2021,4775,Retail sale of cosmetic and toilet articles in specialised stores,0.0143692360772381
E12000008 : South East,2022,4775,Retail sale of cosmetic and toilet articles in specialised stores,0.0135161571260523
E12000008 : South East,2023,4775,Retail sale of cosmetic and toilet articles in specialised stores,0.0138806162554368
E12000008 : South East,2024,4775,Retail sale of cosmetic and toilet articles in specialised stores,0.0135849680622819
E12000008 : South East,2025,4775,Retail sale of cosmetic and toilet articles in specialised stores,0.0103574717111919
E12000008 : South East,2010,5610,Restaurants and mobile food service activities,0.1158262450786531
E12000008 : South East,2011,5610,Restaurants and mobile food service activities,0.1110206531737746
E12000008 : South East,2012,5610,Restaurants and mobile food service activities,0.1255882712439169
E12000008 : South East,2013,5610,Restaurants and mobile food service activities,0.1272614267367409
E12000008 : South East,2014,5610,Restaurants and mobile food service activities,0.1385985978651235
E12000008 : South East,2015,5610,Restaurants and mobile food service activities,0.1480527935699205
E12000008 : South East,2016,5610,Restaurants and mobile food service activities,0.1504311342244404
E12000008 : South East,2017,5610,Restaurants and mobile food service activities,0.1646335933994032
E12000008 : South East,2018,5610,Restaurants and mobile food service activities,0.1577371023248601
E12000008 : South East,2019,5610,Restaurants and mobile food service activities,0.1258913377240693
E12000008 : South East,2020,5610,Restaurants and mobile food service activities,0.1135610113377737
E12000008 : South East,2021,5610,Restaurants and mobile food service activities,0.1000783212892203
E12000008 : South East,2022,5610,Restaurants and mobile food service activities,0.0836617390288366
E12000008 : South East,2023,5610,Restaurants and mobile food service activities,0.1252913878150489
E12000008 : South East,2024,5610,Restaurants and mobile food service activities,0.1350626415715152
E12000008 : South East,2025,5610,Restaurants and mobile food service activities,0.1413631205874229
E12000008 : South East,2010,7911,Travel agency activities,0.1340183327798591
E12000008 : South East,2011,7911,Travel agency activities,0.1284579572822777
E12000008 : South East,2012,7911,Travel agency activities,0.2069926016961032
E12000008 : South East,2013,7911,Travel agency activities,0.2064089675585416
E12000008 : South East,2014,7911,Travel agency activities,0.2269333846178231
E12000008 : South East,2015,7911,Travel agency activities,0.0546572916473224
E12000008 : South East,2016,7911,Travel agency activities,0.2189483218469787
E12000008 : South East,2017,7911,Travel agency activities,0.2515743673683796
E12000008 : South East,2018,7911,Travel agency activities,0.2601440435751931
E12000008 : South East,2019,7911,Travel agency activities,0.1989979249456626
E12000008 : South East,2020,7911,Travel agency activities,0.0624246669101781
E12000008 : South East,2021,7911,Travel agency activities,0.0516309771313942
E12000008 : South East,2022,7911,Travel agency activities,0.0406260155267012
E12000008 : South East,2023,7911,Travel agency activities,0.0211758266869404
E12000008 : South East,2024,7911,Travel agency activities,0.042569127008514
E12000008 : South East,2025,7911,Travel agency activities,0.0583253057697856
E12000008 : South East,2010,7912,Tour operator activities,0.0393124217286938
E12000008 : South East,2011,7912,Tour operator activities,0.0376813625892709
E12000008 : South East,2012,7912,Tour operator activities,0.0541675581840106
E12000008 : South East,2013,7912,Tour operator activities,0.0575539273347561
E12000008 : South East,2014,7912,Tour operator activities,0.0504967368313171
E12000008 : South East,2015,7912,Tour operator activities,0.226905698394491
E12000008 : South East,2016,7912,Tour operator activities,0.0636509954587093
E12000008 : South East,2017,7912,Tour operator activities,0.0596517838568883
E12000008 : South East,2018,7912,Tour operator activities,0.0655861744646809
E12000008 : South East,2019,7912,Tour operator activities,0.0509115187985371
E12000008 : South East,2020,7912,Tour operator activities,0.1615621469315083
E12000008 : South East,2021,7912,Tour operator activities,0.1356940191315235
E12000008 : South East,2022,7912,Tour operator activities,0.0542103435177172
E12000008 : South East,2023,7912,Tour operator activities,0.0570578004388417
E12000008 : South East,2024,7912,Tour operator activities,0.1778155226283287
E12000008 : South East,2025,7912,Tour operator activities,0.1465767721937735
E12000008 : South East,2010,9313,Fitness facilities,0.0052871340582268
E12000008 : South East,2011,9313,Fitness facilities,0.0050677726465453
E12000008 : South East,2012,9313,Fitness facilities,0.010499688751645
E12000008 : South East,2013,9313,Fitness facilities,0.010336592613408
E12000008 : South East,2014,9313,Fitness facilities,0.0166849425196861
E12000008 : South East,2015,9313,Fitness facilities,0.0166480490340216
E12000008 : South East,2016,9313,Fitness facilities,0.0049323412287584
E12000008 : South East,2017,9313,Fitness facilities,0.0033797244095468
E12000008 : South East,2018,9313,Fitness facilities,0.0283490102698996
E12000008 : South East,2019,9313,Fitness facilities,0.0264171750870788
E12000008 : South East,2020,9313,Fitness facilities,0.0030064466152828
E12000008 : South East,2021,9313,Fitness facilities,0.0026358183210551
E12000008 : South East,2022,9313,Fitness facilities,0.001978621071515
E12000008 : South East,2023,9313,Fitness facilities,0.0019737603036634
E12000008 : South East,2024,9313,Fitness facilities,0.0028840140096316
E12000008 : South East,2025,9313,Fitness facilities,0.0031789268451697
E12000009 : South West,2010,4764,Retail sale of sporting equipment in specialised stores,0.0205501744916141
E12000009 : South West,2011,4764,Retail sale of sporting equipment in specialised stores,0.0208307735869367
E12000009 : South West,2012,4764,Retail sale of sporting equipment in specialised stores,0.0198510102195721
E12000009 : South West,2013,4764,Retail sale of sporting equipment in specialised stores,0.0225063344412901
E12000009 : South West,2014,4764,Retail sale of sporting equipment in specialised stores,0.02285780054966
E12000009 : South West,2015,4764,Retail sale of sporting equipment in specialised stores,0.0231687116932173
E12000009 : South West,2016,4764,Retail sale of sporting equipment in specialised stores,0.0242876186569985
E12000009 : South West,2017,4764,Retail sale of sporting equipment in specialised stores,0.0276599104567685
E12000009 : South West,2018,4764,Retail sale of sporting equipment in specialised stores,0.0272586279768016
E12000009 : South West,2019,4764,Retail sale of sporting equipment in specialised stores,0.0290138654204686
E12000009 : South West,2020,4764,Retail sale of sporting equipment in specialised stores,0.0274267046578764
E12000009 : South West,2021,4764,Retail sale of sporting equipment in specialised stores,0.02934472174447
E12000009 : South West,2022,4764,Retail sale of sporting equipment in specialised stores,0.0327943195700561
E12000009 : South West,2023,4764,Retail sale of sporting equipment in specialised stores,0.037367717737929
E12000009 : South West,2024,4764,Retail sale of sporting equipment in specialised stores,0.0324452022541745
E12000009 : South West,2025,4764,Retail sale of sporting equipment in specialised stores,0.0282445901990311
E12000009 : South West,2010,4771,Retail sale of clothing in specialised stores,0.1259131425429057
E12000009 : South West,2011,4771,Retail sale of clothing in specialised stores,0.1276324035594571
E12000009 : South West,2012,4771,Retail sale of clothing in specialised stores,0.1324109113103901
E12000009 : South West,2013,4771,Retail sale of clothing in specialised stores,0.1177847017473592
E12000009 : South West,2014,4771,Retail sale of clothing in specialised stores,0.1225740354352396
E12000009 : South West,2015,4771,Retail sale of clothing in specialised stores,0.1193889790220396
E12000009 : South West,2016,4771,Retail sale of clothing in specialised stores,0.1168669455894994
E12000009 : South West,2017,4771,Retail sale of clothing in specialised stores,0.1244495480197551
E12000009 : South West,2018,4771,Retail sale of clothing in specialised stores,0.1270282226988954
E12000009 : South West,2019,4771,Retail sale of clothing in specialised stores,0.127238085850917
E12000009 : South West,2020,4771,Retail sale of clothing in specialised stores,0.1283884857348413
E12000009 : South West,2021,4771,Retail sale of clothing in specialised stores,0.1266027749647253
E12000009 : South West,2022,4771,Retail sale of clothing in specialised stores,0.0766825266637807
E12000009 : South West,2023,4771,Retail sale of clothing in specialised stores,0.076702685655189
E12000009 : South West,2024,4771,Retail sale of clothing in specialised stores,0.096162054003801
E12000009 : South West,2025,4771,Retail sale of clothing in specialised stores,0.0970708978330756
E12000009 : South West,2010,4773,Dispensing chemist in specialised stores,0.0231964442592626
E12000009 : South West,2011,4773,Dispensing chemist in specialised stores,0.0235131764250408
E12000009 : South West,2012,4773,Dispensing chemist in specialised stores,0.0259856487785029
E12000009 : South West,2013,4773,Dispensing chemist in specialised stores,0.0271414479371116
E12000009 : South West,2014,4773,Dispensing chemist in specialised stores,0.0263524086338801
E12000009 : South West,2015,4773,Dispensing chemist in specialised stores,0.0256356942890464
E12000009 : South West,2016,4773,Dispensing chemist in specialised stores,0.0240178568652449
E12000009 : South West,2017,4773,Dispensing chemist in specialised stores,0.0214252797541381
E12000009 : South West,2018,4773,Dispensing chemist in specialised stores,0.0204051666969667
E12000009 : South West,2019,4773,Dispensing chemist in specialised stores,0.0200488424908617
E12000009 : South West,2020,4773,Dispensing chemist in specialised stores,0.0205992994337018
E12000009 : South West,2021,4773,Dispensing chemist in specialised stores,0.0203076925670961
E12000009 : South West,2022,4773,Dispensing chemist in specialised stores,0.028291942932063
E12000009 : South West,2023,4773,Dispensing chemist in specialised stores,0.0242257821007556
E12000009 : South West,2024,4773,Dispensing chemist in specialised stores,0.0261708192229275
E12000009 : South West,2025,4773,Dispensing chemist in specialised stores,0.0297317185018882
E12000009 : South West,2010,4774,Retail sale of medical and orthopaedic goods in specialised stores,0.0046823311072416
E12000009 : South West,2011,4774,Retail sale of medical and orthopaedic goods in specialised stores,0.0047462652540407
E12000009 : South West,2012,4774,Retail sale of medical and orthopaedic goods in specialised stores,0.003345775232014
E12000009 : South West,2013,4774,Retail sale of medical and orthopaedic goods in specialised stores,0.0038829597075557
E12000009 : South West,2014,4774,Retail sale of medical and orthopaedic goods in specialised stores,0.0029476740157855
E12000009 : South West,2015,4774,Retail sale of medical and orthopaedic goods in specialised stores,0.0031580834473434
E12000009 : South West,2016,4774,Retail sale of medical and orthopaedic goods in specialised stores,0.0033450867732636
E12000009 : South West,2017,4774,Retail sale of medical and orthopaedic goods in specialised stores,0.003982423091899
E12000009 : South West,2018,4774,Retail sale of medical and orthopaedic goods in specialised stores,0.0041421567796617
E12000009 : South West,2019,4774,Retail sale of medical and orthopaedic goods in specialised stores,0.0041592433624475
E12000009 : South West,2020,4774,Retail sale of medical and orthopaedic goods in specialised stores,0.0037454701896272
E12000009 : South West,2021,4774,Retail sale of medical and orthopaedic goods in specialised stores,0.0043807942866368
E12000009 : South West,2022,4774,Retail sale of medical and orthopaedic goods in specialised stores,0.0055345276075516
E12000009 : South West,2023,4774,Retail sale of medical and orthopaedic goods in specialised stores,0.0080434918716581
E12000009 : South West,2024,4774,Retail sale of medical and orthopaedic goods in specialised stores,0.0074731874249821
E12000009 : South West,2025,4774,Retail sale of medical and orthopaedic goods in specialised stores,0.0063539256885247
E12000009 : South West,2010,4775,Retail sale of cosmetic and toilet articles in specialised stores,0.0097202456724312
E12000009 : South West,2011,4775,Retail sale of cosmetic and toilet articles in specialised stores,0.0098529692239081
E12000009 : South West,2012,4775,Retail sale of cosmetic and toilet articles in specialised stores,0.005771632471008
E12000009 : South West,2013,4775,Retail sale of cosmetic and toilet articles in specialised stores,0.0067599186125011
E12000009 : South West,2014,4775,Retail sale of cosmetic and toilet articles in specialised stores,0.0073401838283037
E12000009 : South West,2015,4775,Retail sale of cosmetic and toilet articles in specialised stores,0.007650204130908
E12000009 : South West,2016,4775,Retail sale of cosmetic and toilet articles in specialised stores,0.0078848715343112
E12000009 : South West,2017,4775,Retail sale of cosmetic and toilet articles in specialised stores,0.0097289657253421
E12000009 : South West,2018,4775,Retail sale of cosmetic and toilet articles in specialised stores,0.0101199198128021
E12000009 : South West,2019,4775,Retail sale of cosmetic and toilet articles in specialised stores,0.0182143184383991
E12000009 : South West,2020,4775,Retail sale of cosmetic and toilet articles in specialised stores,0.0151846444193401
E12000009 : South West,2021,4775,Retail sale of cosmetic and toilet articles in specialised stores,0.0138037654910499
E12000009 : South West,2022,4775,Retail sale of cosmetic and toilet articles in specialised stores,0.0189194997384735
E12000009 : South West,2023,4775,Retail sale of cosmetic and toilet articles in specialised stores,0.0155648375785185
E12000009 : South West,2024,4775,Retail sale of cosmetic and toilet articles in specialised stores,0.0133616958380675
E12000009 : South West,2025,4775,Retail sale of cosmetic and toilet articles in specialised stores,0.0105440621138166
E12000009 : South West,2010,5610,Restaurants and mobile food service activities,0.1070700345354666
E12000009 : South West,2011,5610,Restaurants and mobile food service activities,0.1085320053250123
E12000009 : South West,2012,5610,Restaurants and mobile food service activities,0.1121598040596585
E12000009 : South West,2013,5610,Restaurants and mobile food service activities,0.1152738457783559
E12000009 : South West,2014,5610,Restaurants and mobile food service activities,0.1203664602128749
E12000009 : South West,2015,5610,Restaurants and mobile food service activities,0.1223954594081583
E12000009 : South West,2016,5610,Restaurants and mobile food service activities,0.1274123943342859
E12000009 : South West,2017,5610,Restaurants and mobile food service activities,0.1306076337860742
E12000009 : South West,2018,5610,Restaurants and mobile food service activities,0.1306669050231062
E12000009 : South West,2019,5610,Restaurants and mobile food service activities,0.1282099236668614
E12000009 : South West,2020,5610,Restaurants and mobile food service activities,0.1376777963807503
E12000009 : South West,2021,5610,Restaurants and mobile food service activities,0.1405130674406142
E12000009 : South West,2022,5610,Restaurants and mobile food service activities,0.1552038607298222
E12000009 : South West,2023,5610,Restaurants and mobile food service activities,0.1766961527581677
E12000009 : South West,2024,5610,Restaurants and mobile food service activities,0.191264341956283
E12000009 : South West,2025,5610,Restaurants and mobile food service activities,0.208992158409591
E12000009 : South West,2010,7911,Travel agency activities,0.017015454390615
E12000009 : South West,2011,7911,Travel agency activities,0.0172477892114438
E12000009 : South West,2012,7911,Travel agency activities,0.014916741005055
E12000009 : South West,2013,7911,Travel agency activities,0.0192515385319428
E12000009 : South West,2014,7911,Travel agency activities,0.0130314632852617
E12000009 : South West,2015,7911,Travel agency activities,0.0124159073502461
E12000009 : South West,2016,7911,Travel agency activities,0.0107723568718014
E12000009 : South West,2017,7911,Travel agency activities,0.0137256024425528
E12000009 : South West,2018,7911,Travel agency activities,0.0130187932277511
E12000009 : South West,2019,7911,Travel agency activities,0.0125771327859765
E12000009 : South West,2020,7911,Travel agency activities,0.0127674547079471
E12000009 : South West,2021,7911,Travel agency activities,0.0137714280174159
E12000009 : South West,2022,7911,Travel agency activities,0.0105378441877834
E12000009 : South West,2023,7911,Travel agency activities,0.0109340560051211
E12000009 : South West,2024,7911,Travel agency activities,0.0117613348816886
E12000009 : South West,2025,7911,Travel agency activities,0.0126427958465068
E12000009 : South West,2010,7912,Tour operator activities,0.0147202323781299
E12000009 : South West,2011,7912,Tour operator activities,0.0149212274543482
E12000009 : South West,2012,7912,Tour operator activities,0.0192335320907084
E12000009 : South West,2013,7912,Tour operator activities,0.016719404785466
E12000009 : South West,2014,7912,Tour operator activities,0.0161235375874248
E12000009 : South West,2015,7912,Tour operator activities,0.0176224095393246
E12000009 : South West,2016,7912,Tour operator activities,0.0172052732448348
E12000009 : South West,2017,7912,Tour operator activities,0.0183095618056676
E12000009 : South West,2018,7912,Tour operator activities,0.0178732242281708
E12000009 : South West,2019,7912,Tour operator activities,0.019363250953895
E12000009 : South West,2020,7912,Tour operator activities,0.0267803538894499
E12000009 : South West,2021,7912,Tour operator activities,0.047116421709802
E12000009 : South West,2022,7912,Tour operator activities,0.0085193424719568
E12000009 : South West,2023,7912,Tour operator activities,0.0089973984307709
E12000009 : South West,2024,7912,Tour operator activities,0.0244993338569291
E12000009 : South West,2025,7912,Tour operator activities,0.0302459045412753
E12000009 : South West,2010,9313,Fitness facilities,0.0023381547853932
E12000009 : South West,2011,9313,Fitness facilities,0.0023700807487359
E12000009 : South West,2012,9313,Fitness facilities,0.0026261796328466
E12000009 : South West,2013,9313,Fitness facilities,0.0024637632409184
E12000009 : South West,2014,9313,Fitness facilities,0.0025335548935
E12000009 : South West,2015,9313,Fitness facilities,0.0021503935824577
E12000009 : South West,2016,9313,Fitness facilities,0.0020201379779856
E12000009 : South West,2017,9313,Fitness facilities,0.0023010424976964
E12000009 : South West,2018,9313,Fitness facilities,0.0022769938519144
E12000009 : South West,2019,9313,Fitness facilities,0.002472507558074
E12000009 : South West,2020,9313,Fitness facilities,0.0027889533437851
E12000009 : South West,2021,9313,Fitness facilities,0.0032126105789545
E12000009 : South West,2022,9313,Fitness facilities,0.0032328516986622
E12000009 : South West,2023,9313,Fitness facilities,0.0038625348974215
E12000009 : South West,2024,9313,Fitness facilities,0.0045772755906027
E12000009 : South West,2025,9313,Fitness facilities,0.0050304047437431
E92000001 : England,2010,4764,Retail sale of sporting equipment in specialised stores,0.0159606755316062
E92000001 : England,2011,4764,Retail sale of sporting equipment in specialised stores,0.0155652131158536
E92000001 : England,2012,4764,Retail sale of sporting equipment in specialised stores,0.0166270832268699
E92000001 : England,2013,4764,Retail sale of sporting equipment in specialised stores,0.0159991802892852
E92000001 : England,2014,4764,Retail sale of sporting equipment in specialised stores,0.0172430134410696
E92000001 : England,2015,4764,Retail sale of sporting equipment in specialised stores,0.0179040928940195
E92000001 : England,2016,4764,Retail sale of sporting equipment in specialised stores,0.019099220813578
E92000001 : England,2017,4764,Retail sale of sporting equipment in specialised stores,0.0209342596473473
E92000001 : England,2018,4764,Retail sale of sporting equipment in specialised stores,0.0216881003307663
E92000001 : England,2019,4764,Retail sale of sporting equipment in specialised stores,0.0205102358766749
E92000001 : England,2020,4764,Retail sale of sporting equipment in specialised stores,0.021781246507126
E92000001 : England,2021,4764,Retail sale of sporting equipment in specialised stores,0.0230599461499328
E92000001 : England,2022,4764,Retail sale of sporting equipment in specialised stores,0.0253435739312478
E92000001 : England,2023,4764,Retail sale of sporting equipment in specialised stores,0.0273293527350398
E92000001 : England,2024,4764,Retail sale of sporting equipment in specialised stores,0.0301562432358503
E92000001 : England,2025,4764,Retail sale of sporting equipment in specialised stores,0.0321803742598387
E92000001 : England,2010,4771,Retail sale of clothing in specialised stores,0.0867250060451326
E92000001 : England,2011,4771,Retail sale of clothing in specialised stores,0.0845761947163856
E92000001 : England,2012,4771,Retail sale of clothing in specialised stores,0.0940702098988106
E92000001 : England,2013,4771,Retail sale of clothing in specialised stores,0.0961642347682195
E92000001 : England,2014,4771,Retail sale of clothing in specialised stores,0.0963281872631227
E92000001 : England,2015,4771,Retail sale of clothing in specialised stores,0.0949377936829762
E92000001 : England,2016,4771,Retail sale of clothing in specialised stores,0.0966725128275878
E92000001 : England,2017,4771,Retail sale of clothing in specialised stores,0.0986710764537945
E92000001 : England,2018,4771,Retail sale of clothing in specialised stores,0.1008583998548379
E92000001 : England,2019,4771,Retail sale of clothing in specialised stores,0.101940425569426
E92000001 : England,2020,4771,Retail sale of clothing in specialised stores,0.0992968690580514
E92000001 : England,2021,4771,Retail sale of clothing in specialised stores,0.0959745409391197
E92000001 : England,2022,4771,Retail sale of clothing in specialised stores,0.0929702309461499
E92000001 : England,2023,4771,Retail sale of clothing in specialised stores,0.086928729136823
E92000001 : England,2024,4771,Retail sale of clothing in specialised stores,0.0963859190903213
E92000001 : England,2025,4771,Retail sale of clothing in specialised stores,0.0971184877910966
E92000001 : England,2010,4773,Dispensing chemist in specialised stores,0.0238281717525382
E92000001 : England,2011,4773,Dispensing chemist in specialised stores,0.0232377740375062
E92000001 : England,2012,4773,Dispensing chemist in specialised stores,0.0255804120630653
E92000001 : England,2013,4773,Dispensing chemist in specialised stores,0.0351873692751161
E92000001 : England,2014,4773,Dispensing chemist in specialised stores,0.0331894092546652
E92000001 : England,2015,4773,Dispensing chemist in specialised stores,0.0342354826988353
E92000001 : England,2016,4773,Dispensing chemist in specialised stores,0.0324151839005307
E92000001 : England,2017,4773,Dispensing chemist in specialised stores,0.0319303783128383
E92000001 : England,2018,4773,Dispensing chemist in specialised stores,0.0360021990032274
E92000001 : England,2019,4773,Dispensing chemist in specialised stores,0.0355811029883837
E92000001 : England,2020,4773,Dispensing chemist in specialised stores,0.0326463788311007
E92000001 : England,2021,4773,Dispensing chemist in specialised stores,0.0321188494014939
E92000001 : England,2022,4773,Dispensing chemist in specialised stores,0.0335769840447964
E92000001 : England,2023,4773,Dispensing chemist in specialised stores,0.0357808963352255
E92000001 : England,2024,4773,Dispensing chemist in specialised stores,0.0200832467868337
E92000001 : England,2025,4773,Dispensing chemist in specialised stores,0.0210531000035532
E92000001 : England,2010,4774,Retail sale of medical and orthopaedic goods in specialised stores,0.001502491281802
E92000001 : England,2011,4774,Retail sale of medical and orthopaedic goods in specialised stores,0.0014652636073986
E92000001 : England,2012,4774,Retail sale of medical and orthopaedic goods in specialised stores,0.0015540754777619
E92000001 : England,2013,4774,Retail sale of medical and orthopaedic goods in specialised stores,0.0014551692602898
E92000001 : England,2014,4774,Retail sale of medical and orthopaedic goods in specialised stores,0.0013329521213672
E92000001 : England,2015,4774,Retail sale of medical and orthopaedic goods in specialised stores,0.0014286500686083
E92000001 : England,2016,4774,Retail sale of medical and orthopaedic goods in specialised stores,0.0020484462348796
E92000001 : England,2017,4774,Retail sale of medical and orthopaedic goods in specialised stores,0.0016019682992276
E92000001 : England,2018,4774,Retail sale of medical and orthopaedic goods in specialised stores,0.0017406871430471
E92000001 : England,2019,4774,Retail sale of medical and orthopaedic goods in specialised stores,0.0018502959926262
E92000001 : England,2020,4774,Retail sale of medical and orthopaedic goods in specialised stores,0.0020198442847873
E92000001 : England,2021,4774,Retail sale of medical and orthopaedic goods in specialised stores,0.0021112590265884
E92000001 : England,2022,4774,Retail sale of medical and orthopaedic goods in specialised stores,0.0023110976125093
E92000001 : England,2023,4774,Retail sale of medical and orthopaedic goods in specialised stores,0.0024187606088831
E92000001 : England,2024,4774,Retail sale of medical and orthopaedic goods in specialised stores,0.0025129144909309
E92000001 : England,2025,4774,Retail sale of medical and orthopaedic goods in specialised stores,0.0022795857503414
E92000001 : England,2010,4775,Retail sale of cosmetic and toilet articles in specialised stores,0.0067767272377141
E92000001 : England,2011,4775,Retail sale of cosmetic and toilet articles in specialised stores,0.0074627848654539
E92000001 : England,2012,4775,Retail sale of cosmetic and toilet articles in specialised stores,0.0085180552766951
E92000001 : England,2013,4775,Retail sale of cosmetic and toilet articles in specialised stores,0.0092662738757596
E92000001 : England,2014,4775,Retail sale of cosmetic and toilet articles in specialised stores,0.0098038457875316
E92000001 : England,2015,4775,Retail sale of cosmetic and toilet articles in specialised stores,0.0097133963188312
E92000001 : England,2016,4775,Retail sale of cosmetic and toilet articles in specialised stores,0.0100123282332735
E92000001 : England,2017,4775,Retail sale of cosmetic and toilet articles in specialised stores,0.0105831992415573
E92000001 : England,2018,4775,Retail sale of cosmetic and toilet articles in specialised stores,0.0120682118649272
E92000001 : England,2019,4775,Retail sale of cosmetic and toilet articles in specialised stores,0.0128978584814524
E92000001 : England,2020,4775,Retail sale of cosmetic and toilet articles in specialised stores,0.0118283218920978
E92000001 : England,2021,4775,Retail sale of cosmetic and toilet articles in specialised stores,0.0126519258294197
E92000001 : England,2022,4775,Retail sale of cosmetic and toilet articles in specialised stores,0.0119652178525393
E92000001 : England,2023,4775,Retail sale of cosmetic and toilet articles in specialised stores,0.0190111612219033
E92000001 : England,2024,4775,Retail sale of cosmetic and toilet articles in specialised stores,0.0115280513144689
E92000001 : England,2025,4775,Retail sale of cosmetic and toilet articles in specialised stores,0.0136032489577667
E92000001 : England,2010,5610,Restaurants and mobile food service activities,0.0693727066591913
E92000001 : England,2011,5610,Restaurants and mobile food service activities,0.0676538384252987
E92000001 : England,2012,5610,Restaurants and mobile food service activities,0.0744915378005793
E92000001 : England,2013,5610,Restaurants and mobile food service activities,0.0757520025154545
E92000001 : England,2014,5610,Restaurants and mobile food service activities,0.0799691102288316
E92000001 : England,2015,5610,Restaurants and mobile food service activities,0.0851414277672778
E92000001 : England,2016,5610,Restaurants and mobile food service activities,0.0896088686251611
E92000001 : England,2017,5610,Restaurants and mobile food service activities,0.0959466950328912
E92000001 : England,2018,5610,Restaurants and mobile food service activities,0.0960865318751471
E92000001 : England,2019,5610,Restaurants and mobile food service activities,0.0933240283437149
E92000001 : England,2020,5610,Restaurants and mobile food service activities,0.092306936393109
E92000001 : England,2021,5610,Restaurants and mobile food service activities,0.0960979281952639
E92000001 : England,2022,5610,Restaurants and mobile food service activities,0.0743189782679367
E92000001 : England,2023,5610,Restaurants and mobile food service activities,0.0902058639768358
E92000001 : England,2024,5610,Restaurants and mobile food service activities,0.0997601071396069
E92000001 : England,2025,5610,Restaurants and mobile food service activities,0.1055516694302242
E92000001 : England,2010,7911,Travel agency activities,0.0429735444255365
E92000001 : England,2011,7911,Travel agency activities,0.0419087761042757
E92000001 : England,2012,7911,Travel agency activities,0.0529887490568778
E92000001 : England,2013,7911,Travel agency activities,0.0528041797508251
E92000001 : England,2014,7911,Travel agency activities,0.0451570194827695
E92000001 : England,2015,7911,Travel agency activities,0.0373778044478607
E92000001 : England,2016,7911,Travel agency activities,0.0535199753205275
E92000001 : England,2017,7911,Travel agency activities,0.0600228159977951
E92000001 : England,2018,7911,Travel agency activities,0.0584370382213736
E92000001 : England,2019,7911,Travel agency activities,0.0564943883633391
E92000001 : England,2020,7911,Travel agency activities,0.0376561638492139
E92000001 : England,2021,7911,Travel agency activities,0.0404260664840186
E92000001 : England,2022,7911,Travel agency activities,0.0184747947994881
E92000001 : England,2023,7911,Travel agency activities,0.0161645114141121
E92000001 : England,2024,7911,Travel agency activities,0.029078063552786
E92000001 : England,2025,7911,Travel agency activities,0.0339126612108716
E92000001 : England,2010,7912,Tour operator activities,0.0158377179940888
E92000001 : England,2011,7912,Tour operator activities,0.0154453021338986
E92000001 : England,2012,7912,Tour operator activities,0.0167120957032164
E92000001 : England,2013,7912,Tour operator activities,0.0192435287645113
E92000001 : England,2014,7912,Tour operator activities,0.0212933762611671
E92000001 : England,2015,7912,Tour operator activities,0.0372081043404612
E92000001 : England,2016,7912,Tour operator activities,0.0244720378417166
E92000001 : England,2017,7912,Tour operator activities,0.0228161502099245
E92000001 : England,2018,7912,Tour operator activities,0.0207799166521344
E92000001 : England,2019,7912,Tour operator activities,0.0247290853450623
E92000001 : England,2020,7912,Tour operator activities,0.0383856236281119
E92000001 : England,2021,7912,Tour operator activities,0.0384200554867195
E92000001 : England,2022,7912,Tour operator activities,0.0136334163693104
E92000001 : England,2023,7912,Tour operator activities,0.0236297427047187
E92000001 : England,2024,7912,Tour operator activities,0.0326678525368212
E92000001 : England,2025,7912,Tour operator activities,0.0331658300735863
E92000001 : England,2010,9313,Fitness facilities,0.0042410844858536
E92000001 : England,2011,9313,Fitness facilities,0.0040423348596723
E92000001 : England,2012,9313,Fitness facilities,0.0040442438449108
E92000001 : England,2013,9313,Fitness facilities,0.0038951686380502
E92000001 : England,2014,9313,Fitness facilities,0.0041687476761174
E92000001 : England,2015,9313,Fitness facilities,0.004354477075093
E92000001 : England,2016,9313,Fitness facilities,0.0047439707637567
E92000001 : England,2017,9313,Fitness facilities,0.0065748117494235
E92000001 : England,2018,9313,Fitness facilities,0.0068707307403439
E92000001 : England,2019,9313,Fitness facilities,0.0073732661065378
E92000001 : England,2020,9313,Fitness facilities,0.0049567502142041
E92000001 : England,2021,9313,Fitness facilities,0.0050578293320729
E92000001 : England,2022,9313,Fitness facilities,0.0039661223546732
E92000001 : England,2023,9313,Fitness facilities,0.0037489511432253
E92000001 : England,2024,9313,Fitness facilities,0.0047311596815005
E92000001 : England,2025,9313,Fitness facilities,0.0052065960595048
N92000002 : Northern Ireland,2010,4764,Retail sale of sporting equipment in specialised stores,0.0166379680560453
N92000002 : Northern Ireland,2011,4764,Retail sale of sporting equipment in specialised stores,0.0146808876668267
N92000002 : Northern Ireland,2012,4764,Retail sale of sporting equipment in specialised stores,0.0188206851557196
N92000002 : Northern Ireland,2013,4764,Retail sale of sporting equipment in specialised stores,0.0246731542275546
N92000002 : Northern Ireland,2014,4764,Retail sale of sporting equipment in specialised stores,0.0251022841043554
N92000002 : Northern Ireland,2015,4764,Retail sale of sporting equipment in specialised stores,0.0207085736036359
N92000002 : Northern Ireland,2016,4764,Retail sale of sporting equipment in specialised stores,0.0167133283733992
N92000002 : Northern Ireland,2017,4764,Retail sale of sporting equipment in specialised stores,0.0130946630074473
N92000002 : Northern Ireland,2018,4764,Retail sale of sporting equipment in specialised stores,0.0100998604267069
N92000002 : Northern Ireland,2019,4764,Retail sale of sporting equipment in specialised stores,0.0094395739030277
N92000002 : Northern Ireland,2020,4764,Retail sale of sporting equipment in specialised stores,0.0099675075518823
N92000002 : Northern Ireland,2021,4764,Retail sale of sporting equipment in specialised stores,0.0102018394417472
N92000002 : Northern Ireland,2022,4764,Retail sale of sporting equipment in specialised stores,0.0153336162743926
N92000002 : Northern Ireland,2023,4764,Retail sale of sporting equipment in specialised stores,0.0113574093970613
N92000002 : Northern Ireland,2024,4764,Retail sale of sporting equipment in specialised stores,0.0111021158613327
N92000002 : Northern Ireland,2025,4764,Retail sale of sporting equipment in specialised stores,0.0114056380808855
N92000002 : Northern Ireland,2010,4771,Retail sale of clothing in specialised stores,0.2748693470025616
N92000002 : Northern Ireland,2011,4771,Retail sale of clothing in specialised stores,0.2425371892051698
N92000002 : Northern Ireland,2012,4771,Retail sale of clothing in specialised stores,0.2372949331463901
N92000002 : Northern Ireland,2013,4771,Retail sale of clothing in specialised stores,0.2073845285263638
N92000002 : Northern Ireland,2014,4771,Retail sale of clothing in specialised stores,0.1669655883146072
N92000002 : Northern Ireland,2015,4771,Retail sale of clothing in specialised stores,0.1331794435813643
N92000002 : Northern Ireland,2016,4771,Retail sale of clothing in specialised stores,0.1023441569941583
N92000002 : Northern Ireland,2017,4771,Retail sale of clothing in specialised stores,0.0741651294367912
N92000002 : Northern Ireland,2018,4771,Retail sale of clothing in specialised stores,0.0495097147894691
N92000002 : Northern Ireland,2019,4771,Retail sale of clothing in specialised stores,0.0320483907649643
N92000002 : Northern Ireland,2020,4771,Retail sale of clothing in specialised stores,0.0326363078116415
N92000002 : Northern Ireland,2021,4771,Retail sale of clothing in specialised stores,0.0293395570401463
N92000002 : Northern Ireland,2022,4771,Retail sale of clothing in specialised stores,0.0296585117825238
N92000002 : Northern Ireland,2023,4771,Retail sale of clothing in specialised stores,0.0205255152235199
N92000002 : Northern Ireland,2024,4771,Retail sale of clothing in specialised stores,0.0257916588815974
N92000002 : Northern Ireland,2025,4771,Retail sale of clothing in specialised stores,0.0279585742659925
N92000002 : Northern Ireland,2010,4773,Dispensing chemist in specialised stores,0.0752459733905567
N92000002 : Northern Ireland,2011,4773,Dispensing chemist in specialised stores,0.0663949875974441
N92000002 : Northern Ireland,2012,4773,Dispensing chemist in specialised stores,0.0704952815042047
N92000002 : Northern Ireland,2013,4773,Dispensing chemist in specialised stores,0.0685933853991902
N92000002 : Northern Ireland,2014,4773,Dispensing chemist in specialised stores,0.0652485898105339
N92000002 : Northern Ireland,2015,4773,Dispensing chemist in specialised stores,0.0639378587314599
N92000002 : Northern Ireland,2016,4773,Dispensing chemist in specialised stores,0.0618141439828298
N92000002 : Northern Ireland,2017,4773,Dispensing chemist in specialised stores,0.0598658526333898
N92000002 : Northern Ireland,2018,4773,Dispensing chemist in specialised stores,0.0603078076598
N92000002 : Northern Ireland,2019,4773,Dispensing chemist in specialised stores,0.08759330041744
N92000002 : Northern Ireland,2020,4773,Dispensing chemist in specialised stores,0.0881154906224374
N92000002 : Northern Ireland,2021,4773,Dispensing chemist in specialised stores,0.0812793865031044
N92000002 : Northern Ireland,2022,4773,Dispensing chemist in specialised stores,0.1077378701609084
N92000002 : Northern Ireland,2023,4773,Dispensing chemist in specialised stores,0.0627540346972728
N92000002 : Northern Ireland,2024,4773,Dispensing chemist in specialised stores,0.061361177934123
N92000002 : Northern Ireland,2025,4773,Dispensing chemist in specialised stores,0.0629572885755481
N92000002 : Northern Ireland,2010,4774,Retail sale of medical and orthopaedic goods in specialised stores,0.0035664941091242
N92000002 : Northern Ireland,2011,4774,Retail sale of medical and orthopaedic goods in specialised stores,0.0031469767945267
N92000002 : Northern Ireland,2012,4774,Retail sale of medical and orthopaedic goods in specialised stores,0.0027358452628679
N92000002 : Northern Ireland,2013,4774,Retail sale of medical and orthopaedic goods in specialised stores,0.0023499701469003
N92000002 : Northern Ireland,2014,4774,Retail sale of medical and orthopaedic goods in specialised stores,0.0018476763228025
N92000002 : Northern Ireland,2015,4774,Retail sale of medical and orthopaedic goods in specialised stores,0.0018103087759418
N92000002 : Northern Ireland,2016,4774,Retail sale of medical and orthopaedic goods in specialised stores,0.0017166734860496
N92000002 : Northern Ireland,2017,4774,Retail sale of medical and orthopaedic goods in specialised stores,0.0018422652588282
N92000002 : Northern Ireland,2018,4774,Retail sale of medical and orthopaedic goods in specialised stores,0.0021049326755743
N92000002 : Northern Ireland,2019,4774,Retail sale of medical and orthopaedic goods in specialised stores,0.0032319690111292
N92000002 : Northern Ireland,2020,4774,Retail sale of medical and orthopaedic goods in specialised stores,0.0029168793119387
N92000002 : Northern Ireland,2021,4774,Retail sale of medical and orthopaedic goods in specialised stores,0.0032071019222416
N92000002 : Northern Ireland,2022,4774,Retail sale of medical and orthopaedic goods in specialised stores,0.0035284335676944
N92000002 : Northern Ireland,2023,4774,Retail sale of medical and orthopaedic goods in specialised stores,0.0026631467114615
N92000002 : Northern Ireland,2024,4774,Retail sale of medical and orthopaedic goods in specialised stores,0.0031720491150351
N92000002 : Northern Ireland,2025,4774,Retail sale of medical and orthopaedic goods in specialised stores,0.0040551178000439
N92000002 : Northern Ireland,2010,4775,Retail sale of cosmetic and toilet articles in specialised stores,0.0017671941265492
N92000002 : Northern Ireland,2011,4775,Retail sale of cosmetic and toilet articles in specialised stores,0.0013351104135585
N92000002 : Northern Ireland,2012,4775,Retail sale of cosmetic and toilet articles in specialised stores,0.0011014925247718
N92000002 : Northern Ireland,2013,4775,Retail sale of cosmetic and toilet articles in specialised stores,0.0008802097504742
N92000002 : Northern Ireland,2014,4775,Retail sale of cosmetic and toilet articles in specialised stores,0.000619666881489
N92000002 : Northern Ireland,2015,4775,Retail sale of cosmetic and toilet articles in specialised stores,0.0007304601899196
N92000002 : Northern Ireland,2016,4775,Retail sale of cosmetic and toilet articles in specialised stores,0.0007498864430596
N92000002 : Northern Ireland,2017,4775,Retail sale of cosmetic and toilet articles in specialised stores,0.0009959859092687
N92000002 : Northern Ireland,2018,4775,Retail sale of cosmetic and toilet articles in specialised stores,0.0010114029661986
N92000002 : Northern Ireland,2019,4775,Retail sale of cosmetic and toilet articles in specialised stores,0.0013949393648161
N92000002 : Northern Ireland,2020,4775,Retail sale of cosmetic and toilet articles in specialised stores,0.0016331156898012
N92000002 : Northern Ireland,2021,4775,Retail sale of cosmetic and toilet articles in specialised stores,0.0018882415405904
N92000002 : Northern Ireland,2022,4775,Retail sale of cosmetic and toilet articles in specialised stores,0.0029956290909476
N92000002 : Northern Ireland,2023,4775,Retail sale of cosmetic and toilet articles in specialised stores,0.0026091966046615
N92000002 : Northern Ireland,2024,4775,Retail sale of cosmetic and toilet articles in specialised stores,0.0028814189834042
N92000002 : Northern Ireland,2025,4775,Retail sale of cosmetic and toilet articles in specialised stores,0.0039206992818995
N92000002 : Northern Ireland,2010,5610,Restaurants and mobile food service activities,0.0962379894599493
N92000002 : Northern Ireland,2011,5610,Restaurants and mobile food service activities,0.0849177680702073
N92000002 : Northern Ireland,2012,5610,Restaurants and mobile food service activities,0.0786921336796104
N92000002 : Northern Ireland,2013,5610,Restaurants and mobile food service activities,0.0812354039494545
N92000002 : Northern Ireland,2014,5610,Restaurants and mobile food service activities,0.0767538741353738
N92000002 : Northern Ireland,2015,5610,Restaurants and mobile food service activities,0.0779147011074272
N92000002 : Northern Ireland,2016,5610,Restaurants and mobile food service activities,0.0831180998496647
N92000002 : Northern Ireland,2017,5610,Restaurants and mobile food service activities,0.0882082367828914
N92000002 : Northern Ireland,2018,5610,Restaurants and mobile food service activities,0.0961619821916749
N92000002 : Northern Ireland,2019,5610,Restaurants and mobile food service activities,0.1476417205279259
N92000002 : Northern Ireland,2020,5610,Restaurants and mobile food service activities,0.1552495634978199
N92000002 : Northern Ireland,2021,5610,Restaurants and mobile food service activities,0.1665789536347707
N92000002 : Northern Ireland,2022,5610,Restaurants and mobile food service activities,0.1328716819442518
N92000002 : Northern Ireland,2023,5610,Restaurants and mobile food service activities,0.123608107836203
N92000002 : Northern Ireland,2024,5610,Restaurants and mobile food service activities,0.1355321619283942
N92000002 : Northern Ireland,2025,5610,Restaurants and mobile food service activities,0.1555730801012603
N92000002 : Northern Ireland,2010,7911,Travel agency activities,0.0086689927405092
N92000002 : Northern Ireland,2011,7911,Travel agency activities,0.0076492819423168
N92000002 : Northern Ireland,2012,7911,Travel agency activities,0.007744299121963
N92000002 : Northern Ireland,2013,7911,Travel agency activities,0.0069159680913149
N92000002 : Northern Ireland,2014,7911,Travel agency activities,0.0064804563158063
N92000002 : Northern Ireland,2015,7911,Travel agency activities,0.0061957918568441
N92000002 : Northern Ireland,2016,7911,Travel agency activities,0.0054680009493086
N92000002 : Northern Ireland,2017,7911,Travel agency activities,0.0052093767134584
N92000002 : Northern Ireland,2018,7911,Travel agency activities,0.0067775121163302
N92000002 : Northern Ireland,2019,7911,Travel agency activities,0.0114365366415517
N92000002 : Northern Ireland,2020,7911,Travel agency activities,0.0130919837680566
N92000002 : Northern Ireland,2021,7911,Travel agency activities,0.0133114322031011
N92000002 : Northern Ireland,2022,7911,Travel agency activities,0.005434428891614
N92000002 : Northern Ireland,2023,7911,Travel agency activities,0.0039761875877571
N92000002 : Northern Ireland,2024,7911,Travel agency activities,0.0117655326562125
N92000002 : Northern Ireland,2025,7911,Travel agency activities,0.0146018382627683
N92000002 : Northern Ireland,2010,7912,Tour operator activities,0.0012831366049292
N92000002 : Northern Ireland,2011,7912,Tour operator activities,0.0011322046234675
N92000002 : Northern Ireland,2012,7912,Tour operator activities,0.0010347499524339
N92000002 : Northern Ireland,2013,7912,Tour operator activities,0.0009989491324333
N92000002 : Northern Ireland,2014,7912,Tour operator activities,0.0009063987060377
N92000002 : Northern Ireland,2015,7912,Tour operator activities,0.00107777991057
N92000002 : Northern Ireland,2016,7912,Tour operator activities,0.000784106197903
N92000002 : Northern Ireland,2017,7912,Tour operator activities,0.000935794612066
N92000002 : Northern Ireland,2018,7912,Tour operator activities,0.0009817255872457
N92000002 : Northern Ireland,2019,7912,Tour operator activities,0.0015311025846068
N92000002 : Northern Ireland,2020,7912,Tour operator activities,0.0015593067977087
N92000002 : Northern Ireland,2021,7912,Tour operator activities,0.0017910337990563
N92000002 : Northern Ireland,2022,7912,Tour operator activities,0.0008070408934466
N92000002 : Northern Ireland,2023,7912,Tour operator activities,0.0007525363316021
N92000002 : Northern Ireland,2024,7912,Tour operator activities,0.0008707695690861
N92000002 : Northern Ireland,2025,7912,Tour operator activities,0.0010723637197973
N92000002 : Northern Ireland,2010,9313,Fitness facilities,0.000545525143413
N92000002 : Northern Ireland,2011,9313,Fitness facilities,0.0005393468346394
N92000002 : Northern Ireland,2012,9313,Fitness facilities,0.0005922803092005
N92000002 : Northern Ireland,2013,9313,Fitness facilities,0.0006505427880006
N92000002 : Northern Ireland,2014,9313,Fitness facilities,0.0007269082076531
N92000002 : Northern Ireland,2015,9313,Fitness facilities,0.000808416591169
N92000002 : Northern Ireland,2016,9313,Fitness facilities,0.0009340413698936
N92000002 : Northern Ireland,2017,9313,Fitness facilities,0.0011517630442515
N92000002 : Northern Ireland,2018,9313,Fitness facilities,0.0013199317388656
N92000002 : Northern Ireland,2019,9313,Fitness facilities,0.0022697293609279
N92000002 : Northern Ireland,2020,9313,Fitness facilities,0.0028263844992307
N92000002 : Northern Ireland,2021,9313,Fitness facilities,0.0027266394726125
N92000002 : Northern Ireland,2022,9313,Fitness facilities,0.0039307487562137
N92000002 : Northern Ireland,2023,9313,Fitness facilities,0.0040956191218946
N92000002 : Northern Ireland,2024,9313,Fitness facilities,0.0040730809808974
N92000002 : Northern Ireland,2025,9313,Fitness facilities,0.0045211656640191
S92000003 : Scotland,2010,4764,Retail sale of sporting equipment in specialised stores,0.0256660213845569
S92000003 : Scotland,2011,4764,Retail sale of sporting equipment in specialised stores,0.0252253177311877
S92000003 : Scotland,2012,4764,Retail sale of sporting equipment in specialised stores,0.0246571704460785
S92000003 : Scotland,2013,4764,Retail sale of sporting equipment in specialised stores,0.0259125220797511
S92000003 : Scotland,2014,4764,Retail sale of sporting equipment in specialised stores,0.0302020900819186
S92000003 : Scotland,2015,4764,Retail sale of sporting equipment in specialised stores,0.0281684146168246
S92000003 : Scotland,2016,4764,Retail sale of sporting equipment in specialised stores,0.0298888690989311
S92000003 : Scotland,2017,4764,Retail sale of sporting equipment in specialised stores,0.0309337839397141
S92000003 : Scotland,2018,4764,Retail sale of sporting equipment in specialised stores,0.0299100878033817
S92000003 : Scotland,2019,4764,Retail sale of sporting equipment in specialised stores,0.03417093097498
S92000003 : Scotland,2020,4764,Retail sale of sporting equipment in specialised stores,0.0337935921998956
S92000003 : Scotland,2021,4764,Retail sale of sporting equipment in specialised stores,0.0323805914409537
S92000003 : Scotland,2022,4764,Retail sale of sporting equipment in specialised stores,0.0334526634031866
S92000003 : Scotland,2023,4764,Retail sale of sporting equipment in specialised stores,0.0333664714820442
S92000003 : Scotland,2024,4764,Retail sale of sporting equipment in specialised stores,0.0319583593754177
S92000003 : Scotland,2025,4764,Retail sale of sporting equipment in specialised stores,0.0344382355937775
S92000003 : Scotland,2010,4771,Retail sale of clothing in specialised stores,0.1003030197088831
S92000003 : Scotland,2011,4771,Retail sale of clothing in specialised stores,0.0985807462576395
S92000003 : Scotland,2012,4771,Retail sale of clothing in specialised stores,0.0946329293284198
S92000003 : Scotland,2013,4771,Retail sale of clothing in specialised stores,0.0833463784041822
S92000003 : Scotland,2014,4771,Retail sale of clothing in specialised stores,0.0847429839378443
S92000003 : Scotland,2015,4771,Retail sale of clothing in specialised stores,0.0725222628348886
S92000003 : Scotland,2016,4771,Retail sale of clothing in specialised stores,0.07108493579473
S92000003 : Scotland,2017,4771,Retail sale of clothing in specialised stores,0.0713344072369117
S92000003 : Scotland,2018,4771,Retail sale of clothing in specialised stores,0.0756300563628695
S92000003 : Scotland,2019,4771,Retail sale of clothing in specialised stores,0.0877982146059307
S92000003 : Scotland,2020,4771,Retail sale of clothing in specialised stores,0.085877740503447
S92000003 : Scotland,2021,4771,Retail sale of clothing in specialised stores,0.0828071201460927
S92000003 : Scotland,2022,4771,Retail sale of clothing in specialised stores,0.0565762234482237
S92000003 : Scotland,2023,4771,Retail sale of clothing in specialised stores,0.0467821406070488
S92000003 : Scotland,2024,4771,Retail sale of clothing in specialised stores,0.0358865087727622
S92000003 : Scotland,2025,4771,Retail sale of clothing in specialised stores,0.0347332465185039
S92000003 : Scotland,2010,4773,Dispensing chemist in specialised stores,0.0562897525352594
S92000003 : Scotland,2011,4773,Dispensing chemist in specialised stores,0.0553232178621267
S92000003 : Scotland,2012,4773,Dispensing chemist in specialised stores,0.0598934987149163
S92000003 : Scotland,2013,4773,Dispensing chemist in specialised stores,0.0635534153028755
S92000003 : Scotland,2014,4773,Dispensing chemist in specialised stores,0.0615707771811737
S92000003 : Scotland,2015,4773,Dispensing chemist in specialised stores,0.0605040918203403
S92000003 : Scotland,2016,4773,Dispensing chemist in specialised stores,0.0599939518355519
S92000003 : Scotland,2017,4773,Dispensing chemist in specialised stores,0.0610171008150732
S92000003 : Scotland,2018,4773,Dispensing chemist in specialised stores,0.0648011004179287
S92000003 : Scotland,2019,4773,Dispensing chemist in specialised stores,0.0719385244655576
S92000003 : Scotland,2020,4773,Dispensing chemist in specialised stores,0.0711411312852896
S92000003 : Scotland,2021,4773,Dispensing chemist in specialised stores,0.0702521658289354
S92000003 : Scotland,2022,4773,Dispensing chemist in specialised stores,0.0768737784611088
S92000003 : Scotland,2023,4773,Dispensing chemist in specialised stores,0.0746423674165215
S92000003 : Scotland,2024,4773,Dispensing chemist in specialised stores,0.078630047287021
S92000003 : Scotland,2025,4773,Dispensing chemist in specialised stores,0.0840938705623068
S92000003 : Scotland,2010,4774,Retail sale of medical and orthopaedic goods in specialised stores,0.0021448990327272
S92000003 : Scotland,2011,4774,Retail sale of medical and orthopaedic goods in specialised stores,0.0021080696065506
S92000003 : Scotland,2012,4774,Retail sale of medical and orthopaedic goods in specialised stores,0.0031200359091097
S92000003 : Scotland,2013,4774,Retail sale of medical and orthopaedic goods in specialised stores,0.0021040536847287
S92000003 : Scotland,2014,4774,Retail sale of medical and orthopaedic goods in specialised stores,0.0017756314970157
S92000003 : Scotland,2015,4774,Retail sale of medical and orthopaedic goods in specialised stores,0.001818870784388
S92000003 : Scotland,2016,4774,Retail sale of medical and orthopaedic goods in specialised stores,0.0022783875659512
S92000003 : Scotland,2017,4774,Retail sale of medical and orthopaedic goods in specialised stores,0.0030304926570862
S92000003 : Scotland,2018,4774,Retail sale of medical and orthopaedic goods in specialised stores,0.0025187876231739
S92000003 : Scotland,2019,4774,Retail sale of medical and orthopaedic goods in specialised stores,0.0029487689401577
S92000003 : Scotland,2020,4774,Retail sale of medical and orthopaedic goods in specialised stores,0.0034318375250284
S92000003 : Scotland,2021,4774,Retail sale of medical and orthopaedic goods in specialised stores,0.0033821222983349
S92000003 : Scotland,2022,4774,Retail sale of medical and orthopaedic goods in specialised stores,0.0029121178586623
S92000003 : Scotland,2023,4774,Retail sale of medical and orthopaedic goods in specialised stores,0.0036629544528036
S92000003 : Scotland,2024,4774,Retail sale of medical and orthopaedic goods in specialised stores,0.0035905607951913
S92000003 : Scotland,2025,4774,Retail sale of medical and orthopaedic goods in specialised stores,0.0039013049861053
S92000003 : Scotland,2010,4775,Retail sale of cosmetic and toilet articles in specialised stores,0.0020684733481685
S92000003 : Scotland,2011,4775,Retail sale of cosmetic and toilet articles in specialised stores,0.0020329562047914
S92000003 : Scotland,2012,4775,Retail sale of cosmetic and toilet articles in specialised stores,0.0014745445636249
S92000003 : Scotland,2013,4775,Retail sale of cosmetic and toilet articles in specialised stores,0.0013469746026678
S92000003 : Scotland,2014,4775,Retail sale of cosmetic and toilet articles in specialised stores,0.0010651581608362
S92000003 : Scotland,2015,4775,Retail sale of cosmetic and toilet articles in specialised stores,0.0015198540892892
S92000003 : Scotland,2016,4775,Retail sale of cosmetic and toilet articles in specialised stores,0.0012984453075968
S92000003 : Scotland,2017,4775,Retail sale of cosmetic and toilet articles in specialised stores,0.0013554661366634
S92000003 : Scotland,2018,4775,Retail sale of cosmetic and toilet articles in specialised stores,0.0012800506115563
S92000003 : Scotland,2019,4775,Retail sale of cosmetic and toilet articles in specialised stores,0.0016220607710729
S92000003 : Scotland,2020,4775,Retail sale of cosmetic and toilet articles in specialised stores,0.0016435741657395
S92000003 : Scotland,2021,4775,Retail sale of cosmetic and toilet articles in specialised stores,0.0017808541347337
S92000003 : Scotland,2022,4775,Retail sale of cosmetic and toilet articles in specialised stores,0.002016274456332
S92000003 : Scotland,2023,4775,Retail sale of cosmetic and toilet articles in specialised stores,0.0073885409331801
S92000003 : Scotland,2024,4775,Retail sale of cosmetic and toilet articles in specialised stores,0.0064848928463897
S92000003 : Scotland,2025,4775,Retail sale of cosmetic and toilet articles in specialised stores,0.0021648984023128
S92000003 : Scotland,2010,5610,Restaurants and mobile food service activities,0.1599124112872605
S92000003 : Scotland,2011,5610,Restaurants and mobile food service activities,0.1571666026238349
S92000003 : Scotland,2012,5610,Restaurants and mobile food service activities,0.1606462611202835
S92000003 : Scotland,2013,5610,Restaurants and mobile food service activities,0.1668947616678471
S92000003 : Scotland,2014,5610,Restaurants and mobile food service activities,0.172166522267635
S92000003 : Scotland,2015,5610,Restaurants and mobile food service activities,0.1825338666878986
S92000003 : Scotland,2016,5610,Restaurants and mobile food service activities,0.1925364991405265
S92000003 : Scotland,2017,5610,Restaurants and mobile food service activities,0.2009750826602171
S92000003 : Scotland,2018,5610,Restaurants and mobile food service activities,0.2059438863540508
S92000003 : Scotland,2019,5610,Restaurants and mobile food service activities,0.2413234485353261
S92000003 : Scotland,2020,5610,Restaurants and mobile food service activities,0.2450964624333969
S92000003 : Scotland,2021,5610,Restaurants and mobile food service activities,0.2434713477652993
S92000003 : Scotland,2022,5610,Restaurants and mobile food service activities,0.1962183450985505
S92000003 : Scotland,2023,5610,Restaurants and mobile food service activities,0.2465357817885335
S92000003 : Scotland,2024,5610,Restaurants and mobile food service activities,0.2750968519374759
S92000003 : Scotland,2025,5610,Restaurants and mobile food service activities,0.2961364376028382
S92000003 : Scotland,2010,7911,Travel agency activities,0.0201428428565969
S92000003 : Scotland,2011,7911,Travel agency activities,0.0197969760662931
S92000003 : Scotland,2012,7911,Travel agency activities,0.0244534125791323
S92000003 : Scotland,2013,7911,Travel agency activities,0.0252951414989793
S92000003 : Scotland,2014,7911,Travel agency activities,0.0456553115682938
S92000003 : Scotland,2015,7911,Travel agency activities,0.0632129353717975
S92000003 : Scotland,2016,7911,Travel agency activities,0.0728597298027617
S92000003 : Scotland,2017,7911,Travel agency activities,0.0844883974769178
S92000003 : Scotland,2018,7911,Travel agency activities,0.0717502204670066
S92000003 : Scotland,2019,7911,Travel agency activities,0.0707894828826827
S92000003 : Scotland,2020,7911,Travel agency activities,0.039602551362683
S92000003 : Scotland,2021,7911,Travel agency activities,0.0382228587835767
S92000003 : Scotland,2022,7911,Travel agency activities,0.0335400298318745
S92000003 : Scotland,2023,7911,Travel agency activities,0.0204351814105177
S92000003 : Scotland,2024,7911,Travel agency activities,0.0439085035572433
S92000003 : Scotland,2025,7911,Travel agency activities,0.0291946144006744
S92000003 : Scotland,2010,7912,Tour operator activities,0.0092825701469893
S92000003 : Scotland,2011,7912,Tour operator activities,0.0091231818836063
S92000003 : Scotland,2012,7912,Tour operator activities,0.0098965021120464
S92000003 : Scotland,2013,7912,Tour operator activities,0.0116436427624138
S92000003 : Scotland,2014,7912,Tour operator activities,0.0132073190492841
S92000003 : Scotland,2015,7912,Tour operator activities,0.0140146628272215
S92000003 : Scotland,2016,7912,Tour operator activities,0.0140263507219838
S92000003 : Scotland,2017,7912,Tour operator activities,0.0163942348795724
S92000003 : Scotland,2018,7912,Tour operator activities,0.0158096890456654
S92000003 : Scotland,2019,7912,Tour operator activities,0.0207961945016845
S92000003 : Scotland,2020,7912,Tour operator activities,0.0219472016159237
S92000003 : Scotland,2021,7912,Tour operator activities,0.0228016469582205
S92000003 : Scotland,2022,7912,Tour operator activities,0.006457979833591
S92000003 : Scotland,2023,7912,Tour operator activities,0.006304988325983
S92000003 : Scotland,2024,7912,Tour operator activities,0.0140297476930525
S92000003 : Scotland,2025,7912,Tour operator activities,0.0207293023148375
S92000003 : Scotland,2010,9313,Fitness facilities,0.0021133937638267
S92000003 : Scotland,2011,9313,Fitness facilities,0.0020771053052935
S92000003 : Scotland,2012,9313,Fitness facilities,0.0020211216988859
S92000003 : Scotland,2013,9313,Fitness facilities,0.0020474303276973
S92000003 : Scotland,2014,9313,Fitness facilities,0.0030443697170397
S92000003 : Scotland,2015,9313,Fitness facilities,0.0034734888082533
S92000003 : Scotland,2016,9313,Fitness facilities,0.0034367303145966
S92000003 : Scotland,2017,9313,Fitness facilities,0.0041941428477762
S92000003 : Scotland,2018,9313,Fitness facilities,0.0042396763927763
S92000003 : Scotland,2019,9313,Fitness facilities,0.0047868631795617
S92000003 : Scotland,2020,9313,Fitness facilities,0.0049294350505956
S92000003 : Scotland,2021,9313,Fitness facilities,0.005537442520706
S92000003 : Scotland,2022,9313,Fitness facilities,0.0054450692740563
S92000003 : Scotland,2023,9313,Fitness facilities,0.0067498980839788
S92000003 : Scotland,2024,9313,Fitness facilities,0.0070434377300124
S92000003 : Scotland,2025,9313,Fitness facilities,0.0078387438606419
UK : United Kingdom,2010,4764,Retail sale of sporting equipment in specialised stores,0.0160928702971694
UK : United Kingdom,2011,4764,Retail sale of sporting equipment in specialised stores,0.0156768563370392
UK : United Kingdom,2012,4764,Retail sale of sporting equipment in specialised stores,0.0167369451058617
UK : United Kingdom,2013,4764,Retail sale of sporting equipment in specialised stores,0.0163680147084498
UK : United Kingdom,2014,4764,Retail sale of sporting equipment in specialised stores,0.0176510181157777
UK : United Kingdom,2015,4764,Retail sale of sporting equipment in specialised stores,0.0236918766910434
UK : United Kingdom,2016,4764,Retail sale of sporting equipment in specialised stores,0.019393425879215
UK : United Kingdom,2017,4764,Retail sale of sporting equipment in specialised stores,0.0210598521211913
UK : United Kingdom,2018,4764,Retail sale of sporting equipment in specialised stores,0.0213787508595381
UK : United Kingdom,2019,4764,Retail sale of sporting equipment in specialised stores,0.0205964821025233
UK : United Kingdom,2020,4764,Retail sale of sporting equipment in specialised stores,0.0217987886129648
UK : United Kingdom,2021,4764,Retail sale of sporting equipment in specialised stores,0.0230264361057012
UK : United Kingdom,2022,4764,Retail sale of sporting equipment in specialised stores,0.0254811261405132
UK : United Kingdom,2023,4764,Retail sale of sporting equipment in specialised stores,0.02710461439328
UK : United Kingdom,2024,4764,Retail sale of sporting equipment in specialised stores,0.0297256215005277
UK : United Kingdom,2025,4764,Retail sale of sporting equipment in specialised stores,0.0316894686384707
UK : United Kingdom,2010,4771,Retail sale of clothing in specialised stores,0.0917342677545039
UK : United Kingdom,2011,4771,Retail sale of clothing in specialised stores,0.0893628613301999
UK : United Kingdom,2012,4771,Retail sale of clothing in specialised stores,0.0976736685650433
UK : United Kingdom,2013,4771,Retail sale of clothing in specialised stores,0.0988711040606525
UK : United Kingdom,2014,4771,Retail sale of clothing in specialised stores,0.1009585814585796
UK : United Kingdom,2015,4771,Retail sale of clothing in specialised stores,0.097416178165432
UK : United Kingdom,2016,4771,Retail sale of clothing in specialised stores,0.100755003878959
UK : United Kingdom,2017,4771,Retail sale of clothing in specialised stores,0.1028909384024783
UK : United Kingdom,2018,4771,Retail sale of clothing in specialised stores,0.1004929476343604
UK : United Kingdom,2019,4771,Retail sale of clothing in specialised stores,0.0999433847449631
UK : United Kingdom,2020,4771,Retail sale of clothing in specialised stores,0.0974195446929434
UK : United Kingdom,2021,4771,Retail sale of clothing in specialised stores,0.0942478026525253
UK : United Kingdom,2022,4771,Retail sale of clothing in specialised stores,0.0758656665230564
UK : United Kingdom,2023,4771,Retail sale of clothing in specialised stores,0.0837140636301424
UK : United Kingdom,2024,4771,Retail sale of clothing in specialised stores,0.092260381130725
UK : United Kingdom,2025,4771,Retail sale of clothing in specialised stores,0.0930763326291469
UK : United Kingdom,2010,4773,Dispensing chemist in specialised stores,0.0264046586617249
UK : United Kingdom,2011,4773,Dispensing chemist in specialised stores,0.0257220764739045
UK : United Kingdom,2012,4773,Dispensing chemist in specialised stores,0.0282311084657073
UK : United Kingdom,2013,4773,Dispensing chemist in specialised stores,0.0370863527614875
UK : United Kingdom,2014,4773,Dispensing chemist in specialised stores,0.0350480924433868
UK : United Kingdom,2015,4773,Dispensing chemist in specialised stores,0.0358557781978611
UK : United Kingdom,2016,4773,Dispensing chemist in specialised stores,0.0340477007570149
UK : United Kingdom,2017,4773,Dispensing chemist in specialised stores,0.0335530006791245
UK : United Kingdom,2018,4773,Dispensing chemist in specialised stores,0.0374315413196096
UK : United Kingdom,2019,4773,Dispensing chemist in specialised stores,0.0372894649699867
UK : United Kingdom,2020,4773,Dispensing chemist in specialised stores,0.0344289278239447
UK : United Kingdom,2021,4773,Dispensing chemist in specialised stores,0.0338275889918283
UK : United Kingdom,2022,4773,Dispensing chemist in specialised stores,0.0355805468303396
UK : United Kingdom,2023,4773,Dispensing chemist in specialised stores,0.0370109836801547
UK : United Kingdom,2024,4773,Dispensing chemist in specialised stores,0.0223616383228234
UK : United Kingdom,2025,4773,Dispensing chemist in specialised stores,0.023401740777867
UK : United Kingdom,2010,4774,Retail sale of medical and orthopaedic goods in specialised stores,0.0016668190905963
UK : United Kingdom,2011,4774,Retail sale of medical and orthopaedic goods in specialised stores,0.0016237304433944
UK : United Kingdom,2012,4774,Retail sale of medical and orthopaedic goods in specialised stores,0.0017438301034265
UK : United Kingdom,2013,4774,Retail sale of medical and orthopaedic goods in specialised stores,0.0017713608705437
UK : United Kingdom,2014,4774,Retail sale of medical and orthopaedic goods in specialised stores,0.0014820647635166
UK : United Kingdom,2015,4774,Retail sale of medical and orthopaedic goods in specialised stores,0.0016010964251652
UK : United Kingdom,2016,4774,Retail sale of medical and orthopaedic goods in specialised stores,0.0022626870807208
UK : United Kingdom,2017,4774,Retail sale of medical and orthopaedic goods in specialised stores,0.0018707140642577
UK : United Kingdom,2018,4774,Retail sale of medical and orthopaedic goods in specialised stores,0.0019535103937449
UK : United Kingdom,2019,4774,Retail sale of medical and orthopaedic goods in specialised stores,0.0021371709743346
UK : United Kingdom,2020,4774,Retail sale of medical and orthopaedic goods in specialised stores,0.0022997449478094
UK : United Kingdom,2021,4774,Retail sale of medical and orthopaedic goods in specialised stores,0.0023952426921682
UK : United Kingdom,2022,4774,Retail sale of medical and orthopaedic goods in specialised stores,0.0025332098919993
UK : United Kingdom,2023,4774,Retail sale of medical and orthopaedic goods in specialised stores,0.0028156112320181
UK : United Kingdom,2024,4774,Retail sale of medical and orthopaedic goods in specialised stores,0.0028241716650838
UK : United Kingdom,2025,4774,Retail sale of medical and orthopaedic goods in specialised stores,0.0026059215971068
UK : United Kingdom,2010,4775,Retail sale of cosmetic and toilet articles in specialised stores,0.0081881505865077
UK : United Kingdom,2011,4775,Retail sale of cosmetic and toilet articles in specialised stores,0.0079764801455774
UK : United Kingdom,2012,4775,Retail sale of cosmetic and toilet articles in specialised stores,0.0080707480251136
UK : United Kingdom,2013,4775,Retail sale of cosmetic and toilet articles in specialised stores,0.0091063391560064
UK : United Kingdom,2014,4775,Retail sale of cosmetic and toilet articles in specialised stores,0.0092424807130126
UK : United Kingdom,2015,4775,Retail sale of cosmetic and toilet articles in specialised stores,0.0091872448364317
UK : United Kingdom,2016,4775,Retail sale of cosmetic and toilet articles in specialised stores,0.0094555146731853
UK : United Kingdom,2017,4775,Retail sale of cosmetic and toilet articles in specialised stores,0.0099817204934095
UK : United Kingdom,2018,4775,Retail sale of cosmetic and toilet articles in specialised stores,0.0113479434597158
UK : United Kingdom,2019,4775,Retail sale of cosmetic and toilet articles in specialised stores,0.0122619670044279
UK : United Kingdom,2020,4775,Retail sale of cosmetic and toilet articles in specialised stores,0.011269465002379
UK : United Kingdom,2021,4775,Retail sale of cosmetic and toilet articles in specialised stores,0.0120670907759362
UK : United Kingdom,2022,4775,Retail sale of cosmetic and toilet articles in specialised stores,0.0114484074910714
UK : United Kingdom,2023,4775,Retail sale of cosmetic and toilet articles in specialised stores,0.0181295116462622
UK : United Kingdom,2024,4775,Retail sale of cosmetic and toilet articles in specialised stores,0.0110744093842564
UK : United Kingdom,2025,4775,Retail sale of cosmetic and toilet articles in specialised stores,0.0129666583113192
UK : United Kingdom,2010,5610,Restaurants and mobile food service activities,0.0728349414555746
UK : United Kingdom,2011,5610,Restaurants and mobile food service activities,0.0709520981919887
UK : United Kingdom,2012,5610,Restaurants and mobile food service activities,0.077316183033966
UK : United Kingdom,2013,5610,Restaurants and mobile food service activities,0.0788065083917605
UK : United Kingdom,2014,5610,Restaurants and mobile food service activities,0.0827410032904246
UK : United Kingdom,2015,5610,Restaurants and mobile food service activities,0.0880572635154915
UK : United Kingdom,2016,5610,Restaurants and mobile food service activities,0.0926619343770625
UK : United Kingdom,2017,5610,Restaurants and mobile food service activities,0.0989892190215925
UK : United Kingdom,2018,5610,Restaurants and mobile food service activities,0.0996108355816325
UK : United Kingdom,2019,5610,Restaurants and mobile food service activities,0.0983441461386181
UK : United Kingdom,2020,5610,Restaurants and mobile food service activities,0.0977058293529878
UK : United Kingdom,2021,5610,Restaurants and mobile food service activities,0.1015905415027531
UK : United Kingdom,2022,5610,Restaurants and mobile food service activities,0.07881711260897
UK : United Kingdom,2023,5610,Restaurants and mobile food service activities,0.0954121620510079
UK : United Kingdom,2024,5610,Restaurants and mobile food service activities,0.1056000427391493
UK : United Kingdom,2025,5610,Restaurants and mobile food service activities,0.1118501407389951
UK : United Kingdom,2010,7911,Travel agency activities,0.0409360141255236
UK : United Kingdom,2011,7911,Travel agency activities,0.039877784422939
UK : United Kingdom,2012,7911,Travel agency activities,0.0505670510371772
UK : United Kingdom,2013,7911,Travel agency activities,0.050721816014407
UK : United Kingdom,2014,7911,Travel agency activities,0.0518645426052598
UK : United Kingdom,2015,7911,Travel agency activities,0.0372092816610006
UK : United Kingdom,2016,7911,Travel agency activities,0.0525376874588916
UK : United Kingdom,2017,7911,Travel agency activities,0.0588777222242952
UK : United Kingdom,2018,7911,Travel agency activities,0.0601959658574226
UK : United Kingdom,2019,7911,Travel agency activities,0.0558615179511583
UK : United Kingdom,2020,7911,Travel agency activities,0.0374042850699007
UK : United Kingdom,2021,7911,Travel agency activities,0.03990660641785
UK : United Kingdom,2022,7911,Travel agency activities,0.01849914874868
UK : United Kingdom,2023,7911,Travel agency activities,0.0158457252764186
UK : United Kingdom,2024,7911,Travel agency activities,0.0289501894146168
UK : United Kingdom,2025,7911,Travel agency activities,0.0330391187141544
UK : United Kingdom,2010,7912,Tour operator activities,0.0153017002034376
UK : United Kingdom,2011,7912,Tour operator activities,0.0149061386422736
UK : United Kingdom,2012,7912,Tour operator activities,0.0161300923335133
UK : United Kingdom,2013,7912,Tour operator activities,0.0170090729804245
UK : United Kingdom,2014,7912,Tour operator activities,0.0204546114711498
UK : United Kingdom,2015,7912,Tour operator activities,0.0352869785846669
UK : United Kingdom,2016,7912,Tour operator activities,0.0234216546533488
UK : United Kingdom,2017,7912,Tour operator activities,0.0219386886784385
UK : United Kingdom,2018,7912,Tour operator activities,0.0200887428892497
UK : United Kingdom,2019,7912,Tour operator activities,0.0241162795985054
UK : United Kingdom,2020,7912,Tour operator activities,0.0370715196920452
UK : United Kingdom,2021,7912,Tour operator activities,0.037132432671497
UK : United Kingdom,2022,7912,Tour operator activities,0.0131635705626529
UK : United Kingdom,2023,7912,Tour operator activities,0.0117897313426825
UK : United Kingdom,2024,7912,Tour operator activities,0.0312092171059083
UK : United Kingdom,2025,7912,Tour operator activities,0.0319381741957029
UK : United Kingdom,2010,9313,Fitness facilities,0.0029394311978771
UK : United Kingdom,2011,9313,Fitness facilities,0.002863444478878
UK : United Kingdom,2012,9313,Fitness facilities,0.0038612535669615
UK : United Kingdom,2013,9313,Fitness facilities,0.0037295215343241
UK : United Kingdom,2014,9313,Fitness facilities,0.0044928471917215
UK : United Kingdom,2015,9313,Fitness facilities,0.0042059327636188
UK : United Kingdom,2016,9313,Fitness facilities,0.0045636326433203
UK : United Kingdom,2017,9313,Fitness facilities,0.0062944057391628
UK : United Kingdom,2018,9313,Fitness facilities,0.0065865195155214
UK : United Kingdom,2019,9313,Fitness facilities,0.0071428320408396
UK : United Kingdom,2020,9313,Fitness facilities,0.004888843930571
UK : United Kingdom,2021,9313,Fitness facilities,0.0050009183199756
UK : United Kingdom,2022,9313,Fitness facilities,0.0039899049086588
UK : United Kingdom,2023,9313,Fitness facilities,0.0038080010840311
UK : United Kingdom,2024,9313,Fitness facilities,0.0047360964081025
UK : United Kingdom,2025,9313,Fitness facilities,0.005225567216804
W92000004 : Wales,2010,4764,Retail sale of sporting equipment in specialised stores,0.0086346669284451
W92000004 : Wales,2011,4764,Retail sale of sporting equipment in specialised stores,0.0087846819683439
W92000004 : Wales,2012,4764,Retail sale of sporting equipment in specialised stores,0.0083103827398577
W92000004 : Wales,2013,4764,Retail sale of sporting equipment in specialised stores,0.0103875139108717
W92000004 : Wales,2014,4764,Retail sale of sporting equipment in specialised stores,0.010139773067401
W92000004 : Wales,2015,4764,Retail sale of sporting equipment in specialised stores,0.0105267608132758
W92000004 : Wales,2016,4764,Retail sale of sporting equipment in specialised stores,0.0123116499923761
W92000004 : Wales,2017,4764,Retail sale of sporting equipment in specialised stores,0.0144059899474474
W92000004 : Wales,2018,4764,Retail sale of sporting equipment in specialised stores,0.0164721938268833
W92000004 : Wales,2019,4764,Retail sale of sporting equipment in specialised stores,0.0179044902812085
W92000004 : Wales,2020,4764,Retail sale of sporting equipment in specialised stores,0.0173670132512892
W92000004 : Wales,2021,4764,Retail sale of sporting equipment in specialised stores,0.0196371850854063
W92000004 : Wales,2022,4764,Retail sale of sporting equipment in specialised stores,0.0305964761054606
W92000004 : Wales,2023,4764,Retail sale of sporting equipment in specialised stores,0.0231963411741221
W92000004 : Wales,2024,4764,Retail sale of sporting equipment in specialised stores,0.0229443303069996
W92000004 : Wales,2025,4764,Retail sale of sporting equipment in specialised stores,0.0208870077477953
W92000004 : Wales,2010,4771,Retail sale of clothing in specialised stores,0.117682573733157
W92000004 : Wales,2011,4771,Retail sale of clothing in specialised stores,0.1197271408415672
W92000004 : Wales,2012,4771,Retail sale of clothing in specialised stores,0.1016499270745726
W92000004 : Wales,2013,4771,Retail sale of clothing in specialised stores,0.0990833490695586
W92000004 : Wales,2014,4771,Retail sale of clothing in specialised stores,0.0966203063557597
W92000004 : Wales,2015,4771,Retail sale of clothing in specialised stores,0.0637432980144934
W92000004 : Wales,2016,4771,Retail sale of clothing in specialised stores,0.0670919038791155
W92000004 : Wales,2017,4771,Retail sale of clothing in specialised stores,0.0722925281642309
W92000004 : Wales,2018,4771,Retail sale of clothing in specialised stores,0.0773474639574095
W92000004 : Wales,2019,4771,Retail sale of clothing in specialised stores,0.0712880270803819
W92000004 : Wales,2020,4771,Retail sale of clothing in specialised stores,0.0673436616258493
W92000004 : Wales,2021,4771,Retail sale of clothing in specialised stores,0.0706759558029392
W92000004 : Wales,2022,4771,Retail sale of clothing in specialised stores,0.0244646016227763
W92000004 : Wales,2023,4771,Retail sale of clothing in specialised stores,0.0264913193570844
W92000004 : Wales,2024,4771,Retail sale of clothing in specialised stores,0.0185779146256594
W92000004 : Wales,2025,4771,Retail sale of clothing in specialised stores,0.0171184877271583
W92000004 : Wales,2010,4773,Dispensing chemist in specialised stores,0.0504608883892925
W92000004 : Wales,2011,4773,Dispensing chemist in specialised stores,0.051337574455794
W92000004 : Wales,2012,4773,Dispensing chemist in specialised stores,0.0560160761832014
W92000004 : Wales,2013,4773,Dispensing chemist in specialised stores,0.0519816407138126
W92000004 : Wales,2014,4773,Dispensing chemist in specialised stores,0.0486555142581862
W92000004 : Wales,2015,4773,Dispensing chemist in specialised stores,0.0448607484045531
W92000004 : Wales,2016,4773,Dispensing chemist in specialised stores,0.0414383161350572
W92000004 : Wales,2017,4773,Dispensing chemist in specialised stores,0.0408679953058565
W92000004 : Wales,2018,4773,Dispensing chemist in specialised stores,0.0427215070314895
W92000004 : Wales,2019,4773,Dispensing chemist in specialised stores,0.038150561421918
W92000004 : Wales,2020,4773,Dispensing chemist in specialised stores,0.0367057730575819
W92000004 : Wales,2021,4773,Dispensing chemist in specialised stores,0.0379279987439519
W92000004 : Wales,2022,4773,Dispensing chemist in specialised stores,0.033673626418099
W92000004 : Wales,2023,4773,Dispensing chemist in specialised stores,0.029387281587703
W92000004 : Wales,2024,4773,Dispensing chemist in specialised stores,0.0297065437451685
W92000004 : Wales,2025,4773,Dispensing chemist in specialised stores,0.0331029982276656
W92000004 : Wales,2010,4774,Retail sale of medical and orthopaedic goods in specialised stores,0.0062734303147537
W92000004 : Wales,2011,4774,Retail sale of medical and orthopaedic goods in specialised stores,0.0063824222314969
W92000004 : Wales,2012,4774,Retail sale of medical and orthopaedic goods in specialised stores,0.0073915966809353
W92000004 : Wales,2013,4774,Retail sale of medical and orthopaedic goods in specialised stores,0.0071668169269443
W92000004 : Wales,2014,4774,Retail sale of medical and orthopaedic goods in specialised stores,0.007721963001305
W92000004 : Wales,2015,4774,Retail sale of medical and orthopaedic goods in specialised stores,0.0094903441507676
W92000004 : Wales,2016,4774,Retail sale of medical and orthopaedic goods in specialised stores,0.0133101323665754
W92000004 : Wales,2017,4774,Retail sale of medical and orthopaedic goods in specialised stores,0.0134300460827502
W92000004 : Wales,2018,4774,Retail sale of medical and orthopaedic goods in specialised stores,0.0145396878683598
W92000004 : Wales,2019,4774,Retail sale of medical and orthopaedic goods in specialised stores,0.0151149650163104
W92000004 : Wales,2020,4774,Retail sale of medical and orthopaedic goods in specialised stores,0.0151355935887152
W92000004 : Wales,2021,4774,Retail sale of medical and orthopaedic goods in specialised stores,0.0158754652041553
W92000004 : Wales,2022,4774,Retail sale of medical and orthopaedic goods in specialised stores,0.0164810237456762
W92000004 : Wales,2023,4774,Retail sale of medical and orthopaedic goods in specialised stores,0.016045019793204
W92000004 : Wales,2024,4774,Retail sale of medical and orthopaedic goods in specialised stores,0.0170970541442708
W92000004 : Wales,2025,4774,Retail sale of medical and orthopaedic goods in specialised stores,0.0182231257041673
W92000004 : Wales,2010,4775,Retail sale of cosmetic and toilet articles in specialised stores,0.0047336041775126
W92000004 : Wales,2011,4775,Retail sale of cosmetic and toilet articles in specialised stores,0.004815843808229
W92000004 : Wales,2012,4775,Retail sale of cosmetic and toilet articles in specialised stores,0.004929541630385
W92000004 : Wales,2013,4775,Retail sale of cosmetic and toilet articles in specialised stores,0.0050445425165566
W92000004 : Wales,2014,4775,Retail sale of cosmetic and toilet articles in specialised stores,0.0047459251276953
W92000004 : Wales,2015,4775,Retail sale of cosmetic and toilet articles in specialised stores,0.004945469263738
W92000004 : Wales,2016,4775,Retail sale of cosmetic and toilet articles in specialised stores,0.0049923781669501
W92000004 : Wales,2017,4775,Retail sale of cosmetic and toilet articles in specialised stores,0.0041565204148257
W92000004 : Wales,2018,4775,Retail sale of cosmetic and toilet articles in specialised stores,0.0031767322895842
W92000004 : Wales,2019,4775,Retail sale of cosmetic and toilet articles in specialised stores,0.0021232747171789
W92000004 : Wales,2020,4775,Retail sale of cosmetic and toilet articles in specialised stores,0.0021035417137363
W92000004 : Wales,2021,4775,Retail sale of cosmetic and toilet articles in specialised stores,0.0025831470118366
W92000004 : Wales,2022,4775,Retail sale of cosmetic and toilet articles in specialised stores,0.0021621894720344
W92000004 : Wales,2023,4775,Retail sale of cosmetic and toilet articles in specialised stores,0.0018756403968262
W92000004 : Wales,2024,4775,Retail sale of cosmetic and toilet articles in specialised stores,0.0018060661658197
W92000004 : Wales,2025,4775,Retail sale of cosmetic and toilet articles in specialised stores,0.0019612628506421
W92000004 : Wales,2010,5610,Restaurants and mobile food service activities,0.0845249484824759
W92000004 : Wales,2011,5610,Restaurants and mobile food service activities,0.0859934490771281
W92000004 : Wales,2012,5610,Restaurants and mobile food service activities,0.0900004402397419
W92000004 : Wales,2013,5610,Restaurants and mobile food service activities,0.0970700851098729
W92000004 : Wales,2014,5610,Restaurants and mobile food service activities,0.0964707205136147
W92000004 : Wales,2015,5610,Restaurants and mobile food service activities,0.1108348996712076
W92000004 : Wales,2016,5610,Restaurants and mobile food service activities,0.1137898487996034
W92000004 : Wales,2017,5610,Restaurants and mobile food service activities,0.1231838681751436
W92000004 : Wales,2018,5610,Restaurants and mobile food service activities,0.1345746564134006
W92000004 : Wales,2019,5610,Restaurants and mobile food service activities,0.1364925288760672
W92000004 : Wales,2020,5610,Restaurants and mobile food service activities,0.1467273101303091
W92000004 : Wales,2021,5610,Restaurants and mobile food service activities,0.1562803299747068
W92000004 : Wales,2022,5610,Restaurants and mobile food service activities,0.1281025086089321
W92000004 : Wales,2023,5610,Restaurants and mobile food service activities,0.1487779859979463
W92000004 : Wales,2024,5610,Restaurants and mobile food service activities,0.1588866272093602
W92000004 : Wales,2025,5610,Restaurants and mobile food service activities,0.1644058862859413
W92000004 : Wales,2010,7911,Travel agency activities,0.011949678449649
W92000004 : Wales,2011,7911,Travel agency activities,0.0121572870933011
W92000004 : Wales,2012,7911,Travel agency activities,0.0262856001010836
W92000004 : Wales,2013,7911,Travel agency activities,0.0405485312483491
W92000004 : Wales,2014,7911,Travel agency activities,0.0272350759165805
W92000004 : Wales,2015,7911,Travel agency activities,0.0317534112898307
W92000004 : Wales,2016,7911,Travel agency activities,0.0370019199172983
W92000004 : Wales,2017,7911,Travel agency activities,0.0388103921381197
W92000004 : Wales,2018,7911,Travel agency activities,0.0404073168941412
W92000004 : Wales,2019,7911,Travel agency activities,0.0434672798689954
W92000004 : Wales,2020,7911,Travel agency activities,0.041718790830595
W92000004 : Wales,2021,7911,Travel agency activities,0.0364933596226305
W92000004 : Wales,2022,7911,Travel agency activities,0.0102254188211015
W92000004 : Wales,2023,7911,Travel agency activities,0.0055878822128796
W92000004 : Wales,2024,7911,Travel agency activities,0.0201492680396449
W92000004 : Wales,2025,7911,Travel agency activities,0.0095511947571877
W92000004 : Wales,2010,7912,Tour operator activities,0.0138058649646773
W92000004 : Wales,2011,7912,Tour operator activities,0.0140457222053418
W92000004 : Wales,2012,7912,Tour operator activities,0.0159558319473404
W92000004 : Wales,2013,7912,Tour operator activities,0.0146673780316069
W92000004 : Wales,2014,7912,Tour operator activities,0.0150508217545557
W92000004 : Wales,2015,7912,Tour operator activities,0.0145587640069417
W92000004 : Wales,2016,7912,Tour operator activities,0.0146279605802866
W92000004 : Wales,2017,7912,Tour operator activities,0.014260648096393
W92000004 : Wales,2018,7912,Tour operator activities,0.0152205463275201
W92000004 : Wales,2019,7912,Tour operator activities,0.0163654059269857
W92000004 : Wales,2020,7912,Tour operator activities,0.0167405123912721
W92000004 : Wales,2021,7912,Tour operator activities,0.0161672496788572
W92000004 : Wales,2022,7912,Tour operator activities,0.0059696071635801
W92000004 : Wales,2023,7912,Tour operator activities,0.005906055409912
W92000004 : Wales,2024,7912,Tour operator activities,0.0081689097466261
W92000004 : Wales,2025,7912,Tour operator activities,0.0102868079160341
W92000004 : Wales,2010,9313,Fitness facilities,0.0017058516343587
W92000004 : Wales,2011,9313,Fitness facilities,0.0017354883769349
W92000004 : Wales,2012,9313,Fitness facilities,0.0018810243521186
W92000004 : Wales,2013,9313,Fitness facilities,0.0019467194275302
W92000004 : Wales,2014,9313,Fitness facilities,0.0021956207085001
W92000004 : Wales,2015,9313,Fitness facilities,0.0022745166530824
W92000004 : Wales,2016,9313,Fitness facilities,0.002048801571741
W92000004 : Wales,2017,9313,Fitness facilities,0.0022267748717508
W92000004 : Wales,2018,9313,Fitness facilities,0.0020962776499237
W92000004 : Wales,2019,9313,Fitness facilities,0.0024099643468035
W92000004 : Wales,2020,9313,Fitness facilities,0.0029803649222193
W92000004 : Wales,2021,9313,Fitness facilities,0.0031187918709436
W92000004 : Wales,2022,9313,Fitness facilities,0.0034118669351273
W92000004 : Wales,2023,9313,Fitness facilities,0.0029032613029175
W92000004 : Wales,2024,9313,Fitness facilities,0.0027423888490794
W92000004 : Wales,2025,9313,Fitness facilities,0.002620431528587
